episode,reward,revenue,rooms_sold,occupancy_rate,epsilon,average_q,loss
1,-3032.216796850513,6500.0,1,0.02,0.995,-0.026415006779134272,1732.6088999155406
2,-4098.754547771352,12500.0,3,0.06,0.990025,-4.883110424429178,5776.165123291015
3,-2664.297796085658,34000.0,8,0.16,0.985074875,-22.927107904553413,4509.620288696289
4,-2806.3356247354177,17500.0,5,0.1,0.9801495006250001,-33.927436235286294,5074.596446685791
5,-3386.976068272401,18000.0,5,0.1,0.9752487531218751,-25.713298108577728,4786.959630889893
6,-3695.853582913513,3000.0,1,0.02,0.9703725093562657,-32.64404545545578,4108.129454956054
7,-2175.0812944485697,37000.0,8,0.16,0.9655206468094844,-26.465055029392243,4460.679923706055
8,-2048.4,49000.0,12,0.24,0.960693043575437,-32.12116522789002,4958.406632385254
9,-2851.789616766586,26000.0,7,0.14,0.9558895783575597,-30.226836613416673,4518.176313476562
10,-2533.0714092869966,23000.0,6,0.12,0.9511101304657719,-26.298987174034117,5383.426405334472
11,-1395.2456074143863,52000.0,11,0.22,0.946354579813443,-14.589538352489472,4616.399990844727
12,-3498.3197603247154,4000.0,1,0.02,0.9416228069143757,-20.72127239704132,4660.862984466553
13,-2925.683367699502,14500.0,4,0.08,0.9369146928798039,-16.99512631177902,5210.68713897705
14,-3064.318432560054,13000.0,3,0.06,0.9322301194154049,-25.473888142481446,4987.725693969726
15,-2255.889725676553,19000.0,4,0.08,0.9275689688183278,-19.428509325385093,5491.789762268067
16,-1721.8180032328946,53000.0,10,0.2,0.9229311239742362,-22.21559079259634,4523.649388885498
17,-3352.706151371557,6500.0,2,0.04,0.918316468354365,-26.551098823547363,4132.773277282715
18,-2321.1879251690284,22000.0,5,0.1,0.9137248860125932,-15.905056970119476,4590.292291870117
19,-3660.2984096258647,0.0,0,0.0,0.9091562615825302,-28.37236439779401,5177.477965393066
20,-2344.5872783887507,38000.0,11,0.22,0.9046104802746175,-19.805018040463327,4541.9699369812015
21,-1710.1999999999987,18000.0,3,0.06,0.9000874278732445,-14.05272141456604,5255.703927612305
22,-1659.4943311133504,54500.0,12,0.24,0.8955869907338783,-15.184021676778793,4713.105728149414
23,-2426.7987408623494,9500.0,2,0.04,0.8911090557802088,-13.490491651296615,5065.415745239257
24,-1617.087025491844,33000.0,7,0.14,0.8866535105013078,-13.101967219114304,4455.714268188476
25,-3287.6792496017542,10500.0,2,0.04,0.8822202429488013,-18.343930184841156,3696.3086486053467
26,-1760.8631465300596,21500.0,5,0.1,0.8778091417340573,-10.98269138738513,5188.950278549194
27,-2827.104078374474,13000.0,4,0.08,0.8734200960253871,-17.021932651698588,4714.725003051758
28,-2720.092300592045,0.0,0,0.0,0.8690529955452602,-15.361730379462243,5204.666659622192
29,-2285.0000000000014,27500.0,6,0.12,0.8647077305675338,-18.56246622860432,4357.273125
30,-2335.9839863136954,8500.0,2,0.04,0.8603841919146962,-12.68339650630951,4336.098563842774
31,-1534.0483476754798,51000.0,14,0.28,0.8560822709551227,-11.44784879028797,5270.502961425781
32,-2248.738345097686,9500.0,3,0.06,0.851801859600347,-7.207912261709571,5599.32121383667
33,-2668.0256143190713,11500.0,3,0.06,0.8475428503023453,-10.23159881591797,4250.778984069824
34,-2085.2760177652704,27500.0,5,0.1,0.8433051360508336,-12.607193679064512,4717.339498748779
35,-2177.7999999999993,13000.0,3,0.06,0.8390886103705794,-10.489540795087814,4757.006779937744
36,-1866.0351293185518,22000.0,5,0.1,0.8348931673187264,-6.9867403942346575,4448.234130401612
37,-2410.468516052195,25500.0,7,0.14,0.8307187014821328,-11.369132056236268,4569.263384857178
38,-1314.5290225609572,51500.0,13,0.26,0.8265651079747222,-6.081204643398523,4499.732380981445
39,-1852.2484384618203,33500.0,8,0.16,0.8224322824348486,-7.430959094762802,4542.067790985107
40,-2290.0,0.0,0,0.0,0.8183201210226743,-10.468306239843368,4920.1302252197265
41,-3465.2786194189407,3500.0,1,0.02,0.8142285204175609,-21.37287167072296,4420.440915374756
42,-2513.054214386328,21500.0,6,0.12,0.810157377815473,-10.562984330654144,5587.735
43,-3219.8224689171548,7000.0,2,0.04,0.8061065909263957,-17.025920110940934,5265.481007080078
44,-2668.8672612225405,6000.0,1,0.02,0.8020760579717637,-16.292667420208453,4981.72333770752
45,-1883.4089998481927,15500.0,3,0.06,0.798065677681905,-0.3629022669792175,4129.751627502442
46,-3283.069582537712,0.0,0,0.0,0.7940753492934954,-11.14431243956089,4341.747232971192
47,-3740.3131310753383,14000.0,4,0.08,0.7901049725470279,-14.315725123882293,3453.6186895751953
48,-2600.9450519216966,12000.0,3,0.06,0.7861544476842928,-10.307352406978607,4989.5396801757815
49,-1247.4809665072842,48000.0,11,0.22,0.7822236754458713,1.2505875289440156,3853.1376248168945
50,-1619.0894251803911,43000.0,10,0.2,0.778312557068642,-0.38864676654338837,4800.78500793457
51,-1810.291212846364,31500.0,6,0.12,0.7744209942832988,-3.5365756499767302,3948.987012939453
52,-2338.64475918926,31000.0,7,0.14,0.7705488893118823,-1.7208887147903442,3459.669524612427
53,-2122.14414915389,18000.0,5,0.1,0.7666961448653229,-2.44511518239975,3867.5909144592283
54,-2708.5105162990585,11500.0,2,0.04,0.7628626641409962,-8.887029039263725,3249.433992767334
55,-2172.8914993560184,11000.0,3,0.06,0.7590483508202912,3.459499055147171,4803.433779602051
56,-1808.0588722296334,22000.0,4,0.08,0.7552531090661897,3.3098628544807434,3806.4595008850097
57,-2700.3606276002615,20500.0,5,0.1,0.7514768435208588,-0.7073529887199402,3945.4912109375
58,-2221.9127266835694,8500.0,2,0.04,0.7477194593032545,-8.758926082253456,5096.816193847656
59,-1864.004952679361,13000.0,4,0.08,0.7439808620067382,4.984834938049317,3434.502661743164
60,-2129.0630937419805,35500.0,9,0.18,0.7402609576967045,-9.804859771728516,3667.212656326294
61,-2552.3134708244497,11500.0,3,0.06,0.736559652908221,-0.6518400478363037,2947.4875190734865
62,-1774.189287673068,40500.0,11,0.22,0.7328768546436799,-3.1575986337661743,3269.955153503418
63,-1996.0391689973435,19500.0,5,0.1,0.7292124703704616,-1.273526552915573,3382.5232135009765
64,-2014.523765735441,9000.0,3,0.06,0.7255664080186093,-7.466881805956364,3271.9539211273195
65,-2690.469917637287,21000.0,6,0.12,0.7219385759785162,-25.399220366477966,4457.161876525879
66,-1466.9700804194563,33500.0,9,0.18,0.7183288830986236,9.365641441345215,3011.141806488037
67,-1582.3971806694115,29500.0,8,0.16,0.7147372386831305,0.7291251862049103,3346.6572036743164
68,-2325.537297468045,8000.0,2,0.04,0.7111635524897149,-14.051463732719421,3056.0164025878908
69,-1568.359251396308,31000.0,8,0.16,0.7076077347272662,0.5651066398620606,3526.2509341430664
70,-2358.454214779743,14000.0,4,0.08,0.7040696960536299,-0.04371854782104492,2465.597752227783
71,-2355.8767549884305,3000.0,1,0.02,0.7005493475733617,-15.057043761014938,3345.620447845459
72,-1466.0659838826564,32500.0,8,0.16,0.697046600835495,7.059736654795707,2333.128897705078
73,-2049.1935136402208,25500.0,7,0.14,0.6935613678313175,-2.7373528575897215,2686.937964782715
74,-2089.2937336900754,9000.0,2,0.04,0.6900935609921609,7.708073667883873,2804.6615579223635
75,-1945.7272146853607,7000.0,2,0.04,0.6866430931872001,-15.99362848162651,2232.2540919494627
76,-1972.7293722960424,6000.0,2,0.04,0.6832098777212641,0.02424920439720154,2454.0269927978516
77,-1649.6754281004899,28000.0,7,0.14,0.6797938283326578,4.705402493849396,2782.465342712402
78,-1349.3520291003883,31000.0,7,0.14,0.6763948591909945,4.34145513176918,2555.4882810974123
79,-1170.7836830820104,34000.0,9,0.18,0.6730128848950395,3.6857818078994753,2551.2369161987303
80,-1453.925065873791,32000.0,9,0.18,0.6696478204705644,3.654652685523033,2390.84338470459
81,-1939.9999999999977,3500.0,1,0.02,0.6662995813682115,-17.51739350736141,1864.669793624878
82,-1134.5917623441385,40500.0,10,0.2,0.6629680834613705,12.695903412103654,1940.9624697113038
83,-1769.5089800278336,7500.0,2,0.04,0.6596532430440636,-15.42852914571762,1676.504423980713
84,-2576.579863282933,0.0,0,0.0,0.6563549768288433,-8.561407291889191,2118.6399983215333
85,-1663.1312650584357,24000.0,6,0.12,0.653073201944699,-13.994562425166368,2027.8282179260254
86,-1762.9057820250914,15500.0,4,0.08,0.6498078359349755,-17.093417867422104,2142.766455459595
87,-1060.0727117928138,23500.0,6,0.12,0.6465587967553006,-8.584629845917226,1809.1945687866212
88,-1803.8945871597784,57500.0,16,0.32,0.6433260027715241,2.6511276054382322,1635.670450592041
89,-627.901521874884,36500.0,10,0.2,0.6401093727576664,16.355739179849625,1572.3154328155517
90,-491.9999999999999,66000.0,16,0.32,0.6369088258938781,10.897955347597598,1744.315320892334
91,-1525.6651026562677,26000.0,6,0.12,0.6337242817644086,6.185855221748352,1540.2497576141357
92,-1626.200000000002,7500.0,2,0.04,0.6305556603555866,8.309987366199493,1475.655733795166
93,-3064.8532678391502,5000.0,1,0.02,0.6274028820538087,-17.218740832805633,1170.4552194976807
94,-1577.8076675965144,11000.0,3,0.06,0.6242658676435396,-18.13817065060139,1329.6735816955565
95,-1470.0171381284902,15500.0,4,0.08,0.6211445383053219,-18.93424223780632,1339.3651507568359
96,-1930.7781206615766,11000.0,2,0.04,0.6180388156137953,-20.05086697191,1346.8916557312011
97,-2230.8328664727233,6500.0,2,0.04,0.6149486215357263,-4.115880072116852,1384.1528874206542
98,-1433.611010593601,21500.0,7,0.14,0.6118738784280476,10.667738176882267,1345.727410583496
99,-1430.1621018956441,20500.0,5,0.1,0.6088145090359074,5.387416958808899,1242.75000831604
100,-1806.7914156620072,3500.0,1,0.02,0.6057704364907278,2.0088958489894866,1095.1138506317138
101,-2061.8241054446025,26500.0,8,0.16,0.6027415843082742,1.0282715652137995,986.4114711761474
102,-1434.3160622444143,13500.0,4,0.08,0.5997278763867329,-15.11154809847474,905.3225038146973
103,-1172.0746114990511,47500.0,13,0.26,0.5967292370047992,14.186595047712325,817.4372119140625
104,-1577.0003201112522,29000.0,8,0.16,0.5937455908197752,12.520986278057098,912.0972086334228
105,-2042.0768348072488,12500.0,4,0.08,0.5907768628656763,-21.174732501506806,819.7379284667969
106,-1733.2205331892937,13000.0,3,0.06,0.5878229785513479,-24.723881863355636,777.5228067207337
107,-1768.6629373035594,15500.0,5,0.1,0.5848838636585911,-17.991429140567778,815.9629921722412
108,-1259.941454979853,39000.0,10,0.2,0.5819594443402982,11.83388769507408,777.6807312774658
109,-1877.9559335530096,10500.0,3,0.06,0.5790496471185967,-20.505932731926443,699.4164514160157
110,-235.96240544999392,59500.0,14,0.28,0.5761543988830038,20.712983345985414,735.9527671813964
111,-2282.8826878466575,3500.0,1,0.02,0.5732736268885887,-33.154981977939606,597.2786608886719
112,-1365.8998711628776,39500.0,10,0.2,0.5704072587541458,3.497486603856087,534.3498922729492
113,-1556.6000000000004,7500.0,2,0.04,0.567555222460375,-26.14652129098773,580.2864849853515
114,-1948.5999999999997,13000.0,3,0.06,0.5647174463480732,-27.59229841157794,484.97653285980226
115,-1497.2223129934614,10500.0,3,0.06,0.5618938591163328,-19.676677618175745,485.13954643249514
116,-1963.163216340513,15500.0,4,0.08,0.5590843898207511,-27.964929234981536,482.5998838806152
117,-2038.2923529247214,31500.0,8,0.16,0.5562889678716474,-12.592226419448853,451.5118872833252
118,-1432.1074576543851,12500.0,4,0.08,0.5535075230322891,-20.290273962020873,529.4381427001953
119,-1175.3983903128028,41000.0,12,0.24,0.5507399854171277,7.883496433496475,489.23190128326416
120,-1813.8140874084302,3500.0,1,0.02,0.547986285490042,-6.9027973544597625,471.7326242828369
121,-1208.4000000000005,27500.0,7,0.14,0.5452463540625918,10.05856433391571,446.7279752731323
122,-946.3135005263797,35500.0,9,0.18,0.5425201222922789,14.883488205671311,348.1750330352783
123,-1827.0936967399045,7000.0,2,0.04,0.5398075216808175,-7.930547800064087,325.6988265609741
124,-1246.8000000000002,5500.0,1,0.02,0.5371084840724134,-25.44056365251541,324.9972105407715
125,-1833.8000000000018,16000.0,5,0.1,0.5344229416520513,3.1265483576059343,354.8990183258057
126,-1753.9118704527027,11000.0,3,0.06,0.531750826943791,8.58504932641983,333.2328533554077
127,-1603.4647737096896,36500.0,11,0.22,0.5290920728090721,6.058802385628224,372.0864393997192
128,-550.1944465211278,57500.0,13,0.26,0.5264466124450268,17.078222995400427,333.2309259033203
129,-2184.5227815291555,0.0,0,0.0,0.5238143793828016,-45.46058948278427,363.2126102256775
130,-1308.3045689650307,43000.0,11,0.22,0.5211953074858876,13.78123989135027,364.9453393554688
131,-1032.1873385615395,43500.0,11,0.22,0.5185893309484582,7.510335235595703,343.41579093933103
132,-803.821611955327,29500.0,7,0.14,0.5159963842937159,15.327451357841491,299.3381635284424
133,-954.7428662932343,35500.0,9,0.18,0.5134164023722473,0.5250215125083924,306.8719873046875
134,-1359.2879731263115,21500.0,6,0.12,0.510849320360386,-28.310869295597076,337.8451910018921
135,-1233.208026143392,43500.0,12,0.24,0.5082950737585841,6.942746801227331,295.61118496894835
136,-714.7027247984872,37000.0,10,0.2,0.5057535983897912,10.119730882644653,281.3754295730591
137,-813.947342306583,33000.0,9,0.18,0.5032248303978422,18.01125012874603,318.53377494812014
138,-822.7214291155337,36500.0,10,0.2,0.500708706245853,13.174529402256011,294.21518409729003
139,-1900.4449522652399,0.0,0,0.0,0.4982051627146237,-49.6920647546649,307.7059538269043
140,-1626.1987802549816,12500.0,3,0.06,0.49571413690105054,-30.74747388601303,293.81714012145994
141,-1837.230738871262,21500.0,6,0.12,0.4932355662165453,-11.969568939208985,337.5588489151001
142,-1630.998773307238,0.0,0,0.0,0.4907693883854626,-36.41967097043991,313.4466593360901
143,-963.1155320405505,28000.0,7,0.14,0.4883155414435353,8.614002161026,322.882138671875
144,-1127.4140812792648,30000.0,7,0.14,0.4858739637363176,14.444223256111146,282.7338927459717
145,-752.3231379319452,43000.0,11,0.22,0.483444593917636,19.20118660092354,311.2234969329834
146,-627.7372467478549,69500.0,17,0.34,0.4810273709480478,11.532021920681,288.078985748291
147,-1011.9801343978193,36500.0,9,0.18,0.47862223409330756,16.295459897518157,259.85642159461975
148,-849.362225545146,50500.0,12,0.24,0.47622912292284103,-23.33806073188782,266.20771942138674
149,-1339.0867692890438,20000.0,5,0.1,0.4738479773082268,-5.193180780410767,256.814696598053
150,-1561.6000000000017,3500.0,1,0.02,0.47147873742168567,3.0025866064429283,262.8273238372803
151,-1346.7118374309791,15000.0,4,0.08,0.46912134373457726,-5.286206002235413,329.4011185836792
152,-1024.4831306498324,38500.0,9,0.18,0.46677573701590436,-2.587988817691803,291.1411315536499
153,-1339.5395731581002,24500.0,7,0.14,0.46444185833082485,11.596339492797851,294.97305568695066
154,-524.2989395741679,57000.0,17,0.34,0.46211964903917074,23.98206387758255,308.62949028015134
155,-2169.1999999999966,3500.0,1,0.02,0.4598090507939749,-45.33827844798565,274.07904598236087
156,-1346.0704625238654,27500.0,8,0.16,0.457510005540005,3.7144137051701547,262.12301094055175
157,-1660.0000000000014,12500.0,3,0.06,0.45522245551230495,6.199979846477508,283.2290151977539
158,-1832.000000000001,10500.0,3,0.06,0.4529463432347434,3.518374196588993,282.72070026397705
159,-2724.124280814146,7000.0,2,0.04,0.4506816115185697,-81.7707694503665,301.02801082611086
160,-1673.9988857095416,19000.0,5,0.1,0.4484282034609769,-15.42430140733719,284.57634311676026
161,-1752.3699517142904,33500.0,9,0.18,0.446186062443672,-27.05732516169548,324.8081994628906
162,-1599.558840805087,0.0,0,0.0,0.4439551321314536,-69.72309245154261,284.4314153289795
163,-2152.7728719198612,7500.0,2,0.04,0.4417353564707963,-26.40249665439129,297.67558227539064
164,-1129.8000000000004,13000.0,3,0.06,0.43952667968844233,-36.2548421984911,309.8677384567261
165,-834.8468778655642,37500.0,9,0.18,0.43732904629000013,-5.810051678419113,293.71083011627195
166,-1178.9424538443936,30500.0,7,0.14,0.4351424010585501,-45.751337287426,290.9254630279541
167,-2285.330637195733,13000.0,4,0.08,0.43296668905325736,-81.66247862547635,325.4171001815796
168,-1146.4317384252781,17500.0,5,0.1,0.43080185560799106,0.15118534564971925,293.32770374298093
169,-1153.4043906992358,32500.0,8,0.16,0.4286478463299511,-40.79430355429649,320.9938449859619
170,-1094.1580415367503,38000.0,9,0.18,0.42650460709830135,13.285233840942382,298.86551448822024
171,-679.1999999999998,35500.0,9,0.18,0.42437208406280985,-32.25906186580658,310.05042182922364
172,-1906.0332988212415,24500.0,7,0.14,0.4222502236424958,-80.74906461477279,323.4602335357666
173,-1468.5770494686815,7500.0,2,0.04,0.42013897252428334,-27.74397238612175,313.9099112701416
174,-1117.7242921215034,32500.0,6,0.12,0.4180382776616619,9.062555027008056,336.9008110046387
175,-1476.3252848515215,22500.0,6,0.12,0.4159480862733536,5.906118321418762,325.3850473022461
176,-1360.9054321620524,12000.0,3,0.06,0.41386834584198684,-16.077920079231262,312.492424659729
177,-1352.4837077891154,12500.0,3,0.06,0.4117990041127769,1.6477560305595398,334.42095294952395
178,-1203.2,24000.0,6,0.12,0.40974000909221303,-6.846293075084686,290.87927397727964
179,-1295.4000000000005,12000.0,3,0.06,0.40769130904675194,-2.8045021307468416,297.51766258239746
180,-759.2031404949927,36000.0,9,0.18,0.40565285250151817,19.334116878509523,294.84887697219847
181,-1398.2201546152069,19000.0,5,0.1,0.4036245882390106,-11.262496843338013,345.19266510009766
182,-1210.6000000000001,20000.0,5,0.1,0.4016064652978155,3.363919434286654,295.0787742233276
183,-1152.8000000000002,22000.0,6,0.12,0.3995984329713264,7.327280659675598,300.05763504028323
184,-1273.2774526267956,12000.0,3,0.06,0.3976004408064698,-42.77188138961792,295.1120213317871
185,-1199.9999999999998,25500.0,7,0.14,0.39561243860243744,-7.939406809806823,309.7252844619751
186,-1406.503063084936,4000.0,1,0.02,0.3936343764094253,-62.46929978370667,290.4022639083862
187,-1977.694580479263,15500.0,4,0.08,0.39166620452737816,-93.14859923571348,328.4056454467773
188,-1420.0722665178141,23000.0,6,0.12,0.3897078735047413,-0.2721218538284302,288.6662685394287
189,-1345.550786458864,26000.0,5,0.1,0.3877593341372176,3.377539587020874,302.88159996032715
190,-1570.0,0.0,0,0.0,0.3858205374665315,-69.94112096190453,296.62371341705324
191,-1547.9851820457116,20500.0,6,0.12,0.38389143477919885,3.7379295349121096,339.82377380371094
192,-1262.7954704925783,13000.0,3,0.06,0.3819719776053028,-53.34377480655908,312.4189905166626
193,-1070.7005205164796,30000.0,7,0.14,0.3800621177172763,3.3987356010079384,310.9092634582519
194,-1723.229933466914,5000.0,1,0.02,0.37816180712868996,-80.18254244446754,326.6311568450928
195,-1545.1999999999996,11500.0,3,0.06,0.37627099809304654,-52.45060401678085,311.5044530105591
196,-1217.9231994042923,8000.0,2,0.04,0.3743896431025813,-52.61028164863586,292.92032173156736
197,-940.4040880047525,31500.0,8,0.16,0.37251769488706843,15.843300371170043,320.33001579284667
198,-757.0901741996558,34500.0,8,0.16,0.3706551064126331,9.501052799224853,312.80671409606936
199,-1725.7252772976015,0.0,0,0.0,0.36880183088056995,-75.11727807283401,298.27739372253416
200,-635.3062724420837,34500.0,9,0.18,0.3669578217261671,18.598519706726073,309.87361877441407
201,-1531.499560060993,16500.0,4,0.08,0.36512303261753626,-57.11153343200684,354.73864736557005
202,-955.3999999999997,38000.0,11,0.22,0.3632974174544486,13.629142394065857,333.97121919631957
203,-1524.3697199305973,3500.0,1,0.02,0.3614809303671764,-56.02646831274033,287.7530424880981
204,-1238.6808929892575,4000.0,1,0.02,0.3596735257153405,-51.566851470470425,301.2463114929199
205,-1102.0000000000002,17500.0,5,0.1,0.3578751580867638,9.081493797302246,304.48774894714353
206,-1202.14641988931,11500.0,3,0.06,0.35608578229633,-47.96232794165611,282.3551206207275
207,-1707.6206324458383,6500.0,2,0.04,0.3543053533848483,-62.870491280555726,308.1092364883423
208,-2151.6165795644392,19500.0,5,0.1,0.35253382661792404,-112.26382746219635,268.2332221221924
209,-1680.7239847105916,0.0,0,0.0,0.3507711574848344,-89.10639066815376,297.8647975921631
210,-867.9064215353432,28000.0,8,0.16,0.34901730169741024,-72.05510978102684,291.0005997085571
211,-1391.8794015208866,11500.0,3,0.06,0.3472722151889232,-81.06958932161331,346.1081715965271
212,-985.3999999999997,17000.0,5,0.1,0.3455358541129786,-41.67380029678345,304.89198921203615
213,-783.6740723189728,31500.0,9,0.18,0.3438081748424137,9.592285442352296,305.30275875091553
214,-574.5590487702758,41000.0,11,0.22,0.3420891339682016,-3.680410499572754,294.71318698883056
215,-384.56155940884787,48500.0,12,0.24,0.3403786882983606,25.54588830947876,341.8524462890625
216,-389.93943301030106,34500.0,9,0.18,0.3386767948568688,21.106470260620117,352.5761120223999
217,-1732.7855108644962,23000.0,6,0.12,0.33698341088258443,-110.19364915370942,304.48357076644896
218,-853.8033702194615,39000.0,12,0.24,0.3352984938281715,2.4656894397735596,300.03388103485105
219,-672.6,33000.0,9,0.18,0.33362200135903064,19.06660813331604,304.93019323349
220,-1588.0619400295682,7000.0,2,0.04,0.33195389135223546,-68.58657807230949,342.62786247253416
221,-677.4385895049415,33500.0,10,0.2,0.3302941218954743,-40.872239212989804,329.2098942375183
222,-1601.2890800535417,0.0,0,0.0,0.32864265128599696,-88.01738296985626,316.89418640136716
223,-1522.5778591652215,22000.0,6,0.12,0.326999438029567,-57.93890228748322,308.5327104187012
224,-1375.4514366475792,13000.0,3,0.06,0.3253644408394192,-79.06967993617057,311.15578983306887
225,-1218.6979340886605,27000.0,7,0.14,0.3237376186352221,-10.728897781372071,319.94912288665773
226,-1622.9623704936985,0.0,0,0.0,0.322118930542046,-102.42308706521987,297.1301658248901
227,-1208.4000000000005,22000.0,6,0.12,0.32050833588933575,-49.96577785491943,306.42433780670166
228,-1411.148756910978,8500.0,2,0.04,0.31890579420988907,-99.16945054769516,322.202216758728
229,-955.0000000000002,27500.0,6,0.12,0.3173112652388396,-51.235192670822144,286.5324063491821
230,-883.0211873351343,39500.0,11,0.22,0.3157247089126454,22.923310594558714,268.73316207885745
231,-1456.598064577493,15500.0,4,0.08,0.3141460853680822,-30.250069160461425,301.8078430557251
232,-1430.0,0.0,0,0.0,0.3125753549412418,-54.722920980453495,263.21152627944946
233,-1297.95491537515,31000.0,9,0.18,0.31101247816653554,-52.32826539993286,307.98530097961424
234,-1051.5665723271438,26000.0,7,0.14,0.30945741577570285,-52.99865864276886,276.53216831207277
235,-573.7693853392456,55000.0,12,0.24,0.3079101286968243,16.88883752822876,294.4870095062256
236,-1356.788122177667,18500.0,5,0.1,0.3063705780533402,-62.85665068626404,288.40838953018186
237,-258.27882194496283,46000.0,12,0.24,0.30483872516307353,31.380356063842772,267.64529178619387
238,-1139.1362163098988,16000.0,4,0.08,0.3033145315372582,-27.705588030815125,289.50484992980955
239,-425.7236880953205,47500.0,13,0.26,0.3017979588795719,19.467964038848876,269.4284206199646
240,-1277.6000000000001,4500.0,1,0.02,0.30028896908517405,-57.14475670814514,297.07288890838623
241,-1542.0868648989908,6500.0,2,0.04,0.2987875242397482,-104.42152562379837,329.681507358551
242,-1461.6314014653135,12500.0,4,0.08,0.29729358661854943,-75.75584558963776,300.24015182495117
243,-677.8008930910579,32500.0,7,0.14,0.29580711868545667,-56.20133602142334,263.0681212615967
244,-1023.0356845265592,34500.0,10,0.2,0.2943280830920294,-59.3185397541523,284.1219301986694
245,-888.4726144920895,32500.0,9,0.18,0.29285644267656924,-58.8936998462677,305.21285022735594
246,-1556.9748548997882,3500.0,1,0.02,0.2913921604631864,-105.21491113647818,303.7223812484741
247,-664.420146297356,44500.0,13,0.26,0.28993519966087045,-3.7721230602264404,307.3972014808655
248,-1015.5363120701256,33000.0,10,0.2,0.2884855236625661,-57.188804728984834,275.96254226684573
249,-772.1999999999999,22500.0,6,0.12,0.28704309604425327,-48.314228873252866,279.096151599884
250,-1113.4,26500.0,8,0.16,0.285607880564032,6.426681613922119,313.4713729476929
251,-1121.6727946926349,17000.0,5,0.1,0.28417984116121187,-47.550552377700804,313.07439601898193
252,-526.6000000000004,45000.0,11,0.22,0.2827589419554058,18.514218101501466,308.0700776672363
253,-1151.930348280533,6000.0,2,0.04,0.28134514724562876,-96.71598898410797,322.9112574386597
254,-1459.8301285065327,6500.0,2,0.04,0.2799384215094006,-124.1285264223814,295.62296691894534
255,-137.57749462787626,50500.0,13,0.26,0.27853872940185365,30.60893686771393,264.9683459854126
256,-1058.8863921974012,6000.0,2,0.04,0.27714603575484437,-61.407197165489194,287.1284236526489
257,-1102.5247956966277,10500.0,3,0.06,0.2757603055760701,-47.995427217483524,282.75015283584594
258,-1210.4617188321586,13500.0,4,0.08,0.2743815040481898,-73.87141494989395,292.34056934356687
259,-1219.274575248256,13500.0,3,0.06,0.2730095965279488,0.17395784378051757,285.8910576629639
260,-1686.4088813497651,10000.0,3,0.06,0.27164454854530906,-50.44651242733002,312.3405311584473
261,-263.6897642177004,39500.0,11,0.22,0.2702863258025825,12.868653335571288,280.7530187988281
262,-1650.7300588198368,3500.0,1,0.02,0.2689348941735696,-77.5182780790329,274.81581909179687
263,-1190.620550818763,9500.0,3,0.06,0.26759021970270175,-108.17448513746261,309.9504895782471
264,-1909.8462131209028,0.0,0,0.0,0.2662522686041882,-120.68396392583847,296.7772624206543
265,-548.1148637797685,26000.0,8,0.16,0.2649210072611673,-68.10341833591461,280.2987401199341
266,-946.2494570835762,27500.0,6,0.12,0.26359640222486147,-59.86108440876007,292.2795770263672
267,-1026.0117753785553,9500.0,3,0.06,0.26227842021373715,-35.94053803920746,327.18830272674563
268,-699.8823253602791,20500.0,5,0.1,0.2609670281126685,-25.54362659931183,300.95117645263673
269,-347.7954826950863,30500.0,9,0.18,0.25966219297210513,15.60214201927185,276.48142978668216
270,-121.19999999999987,38500.0,11,0.22,0.2583638820072446,-39.54881433784962,278.4320570755005
271,-720.4130151599676,36500.0,9,0.18,0.2570720625972084,11.748470783233643,284.24740989685057
272,-1450.0,0.0,0,0.0,0.25578670228422234,-97.03329726696015,250.01722848892211
273,-1477.4669830558423,20000.0,6,0.12,0.25450776877280124,-50.54550001263618,273.67873829841614
274,-6.115651251219731,62500.0,19,0.38,0.2532352299289372,12.147468957901001,280.863525352478
275,-1299.6958377624155,3000.0,1,0.02,0.2519690537792925,-72.58726363182068,283.09723735809325
276,-710.8874409995476,25000.0,8,0.16,0.2507092085103961,-47.12832806587219,294.16102500915525
277,-863.5657094553128,23500.0,7,0.14,0.2494556624678441,-58.36304886817932,268.19221366882323
278,-1120.66076741252,17000.0,5,0.1,0.24820838415550486,-21.041092343330384,275.5956314086914
279,-1545.8478390287487,9500.0,3,0.06,0.24696734223472733,-61.12741810590029,296.31400913238525
280,-771.480834174038,23000.0,6,0.12,0.2457325055235537,6.621777305603027,293.39511058807375
281,-1408.2607169180183,6500.0,2,0.04,0.24450384299593592,-63.740245764255526,306.80387634277344
282,-1319.6000000000004,7000.0,2,0.04,0.24328132378095624,-13.401916103363037,272.13462970733644
283,-458.9512279249913,25000.0,8,0.16,0.24206491716205145,-91.42227282047271,268.50242433547976
284,-720.8773091469511,33500.0,11,0.22,0.2408545925762412,-71.52912864685058,268.61621467590334
285,-880.3685145854886,6000.0,2,0.04,0.23965031961336,-84.22404150366783,271.4467558288574
286,-1056.7999999999997,18500.0,5,0.1,0.2384520680152932,11.905834715366364,266.07953929901123
287,-1653.5799737765974,16000.0,5,0.1,0.23725980767521673,-117.71128890037537,276.3123973083496
288,-653.2181485805025,28500.0,8,0.16,0.23607350863684065,-68.91273289680481,296.86374524116513
289,-792.9416459856988,16000.0,4,0.08,0.23489314109365644,-58.26704212427139,253.07684400558472
290,-883.9372330861991,6500.0,2,0.04,0.23371867538818816,-67.06156400680543,271.73190872192384
291,-631.5495622283845,30500.0,10,0.2,0.23255008201124722,-10.058085474967957,301.18275478363034
292,-174.7901429248712,37000.0,12,0.24,0.231387331601191,-2.460132737159729,289.15584083557127
293,-689.1651359239229,20500.0,6,0.12,0.23023039494318503,-59.099162791967395,273.27392120361327
294,-861.0742266387733,25000.0,8,0.16,0.2290792429684691,-68.6020418024063,273.5269966125488
295,-1161.9459370171942,3000.0,1,0.02,0.22793384675362674,-107.50603076934814,291.74245384216306
296,-1014.5616210131839,7000.0,2,0.04,0.22679417751985861,-93.3545391178131,267.14678161621094
297,-622.0568193075899,22000.0,7,0.14,0.22566020663225933,-74.68140874862671,296.0849662399292
298,-903.9925914964363,41500.0,11,0.22,0.22453190559909803,-58.36368260383606,290.04407599449155
299,-1214.0186869302227,32000.0,10,0.2,0.22340924607110255,-138.81273368835448,299.2119390487671
300,-197.3999999999998,39000.0,11,0.22,0.22229219984074702,12.064702348709107,288.4892023849487
301,-1426.9000925579735,18000.0,6,0.12,0.2211807388415433,-120.88983315467834,287.8158880996704
302,-1631.2743933100367,4000.0,1,0.02,0.22007483514733558,-84.86964624166488,285.4312245941162
303,-439.0000000000001,37500.0,10,0.2,0.2189744609715989,25.88705961227417,269.75472606658934
304,-733.9999999999997,13500.0,3,0.06,0.2178795886667409,-91.80147221565247,278.4448906326294
305,-951.0439079680297,17000.0,5,0.1,0.2167901907234072,-69.12357414722443,269.36718772888185
306,-931.8538430162248,28500.0,7,0.14,0.21570623976979014,-58.57020698547363,329.85550872802736
307,-1331.6000000000006,6000.0,2,0.04,0.21462770857094118,-81.64923163890839,272.25669033050536
308,-1448.638069523648,6000.0,2,0.04,0.21355457002808648,-118.45219604492188,270.61215198516845
309,-982.7999999999997,7000.0,2,0.04,0.21248679717794605,-61.16891212970018,308.5726992034912
310,-515.6333546112011,36000.0,9,0.18,0.21142436319205632,4.176888275146484,293.5382391357422
311,-813.3999999999997,20500.0,6,0.12,0.21036724137609603,2.724103555679321,284.17936111450194
312,-1143.6,6000.0,2,0.04,0.20931540516921554,-100.38369382917881,287.255782699585
313,-415.20000000000044,28000.0,8,0.16,0.20826882814336947,19.14630910873413,276.91582942962646
314,-499.19999999999993,19000.0,6,0.12,0.20722748400265262,8.158758630752564,294.7079932022095
315,-624.8642226667281,23000.0,7,0.14,0.20619134658263935,-58.71482894659042,260.1344687652588
316,-603.4,20000.0,5,0.1,0.20516038984972615,-87.05054871559143,293.8445122528076
317,-214.63902491437295,39000.0,11,0.22,0.2041345879004775,22.149109468460082,294.2560625839233
318,-521.0220290556151,30500.0,7,0.14,0.2031139149609751,6.04895323753357,278.01999210357667
319,-944.9398547586989,13500.0,4,0.08,0.20209834538617025,-70.49656534194946,264.4426082420349
320,-625.3935472018259,26000.0,6,0.12,0.2010878536592394,-45.28962206840515,294.665256690979
321,-205.01260212022845,46500.0,11,0.22,0.2000824143909432,24.505393862724304,258.211978225708
322,-817.8,12500.0,4,0.08,0.19908200231898848,-100.80946672916413,279.9278155899048
323,-704.4,12000.0,4,0.08,0.19808659230739353,-106.85161165475846,266.3496709060669
324,-795.7245314447654,23000.0,6,0.12,0.19709615934585656,1.672603302001953,249.33272567749023
325,-186.80000000000155,31500.0,7,0.14,0.19611067854912728,14.712155346870423,280.9628016662598
326,-742.3651625316521,27000.0,9,0.18,0.19513012515638165,-147.06670422554015,259.48336204528806
327,-884.7493594331887,6500.0,2,0.04,0.19415447453059972,-92.57493014335633,256.41130306243895
328,-602.2000000000002,21500.0,6,0.12,0.19318370215794672,5.059022436141968,261.19993816375734
329,-755.8,12500.0,4,0.08,0.192217783647157,-63.35158132553101,299.2599890899658
330,-412.47877189079566,44500.0,14,0.28,0.1912566947289212,-70.42722846508026,272.4334147262573
331,196.27831666352915,49000.0,13,0.26,0.1903004112552766,32.84329478263855,292.36729747772216
332,-611.6499713262068,52000.0,13,0.26,0.18934890919900021,23.80635589838028,264.18678844451904
333,-724.6538917011716,16000.0,5,0.1,0.18840216465300522,-72.16314524173737,303.9005399417877
334,-637.7772903465071,21000.0,6,0.12,0.18746015382974018,-108.02951018333435,320.3295373916626
335,-396.71165653359503,28000.0,8,0.16,0.1865228530605915,-33.98760166168213,265.70040927886964
336,-1074.876040529225,9500.0,3,0.06,0.18559023879528855,-115.44994368553162,274.42063621521
337,-1015.1633237637936,6000.0,2,0.04,0.1846622876013121,-142.45748117804527,288.7078974533081
338,-330.0143080428556,31000.0,8,0.16,0.18373897616330553,20.48260925889015,260.4466407585144
339,-1004.3263659409863,12000.0,3,0.06,0.182820281282489,-96.89034603476524,290.6700242614746
340,-1118.1824449700305,6000.0,2,0.04,0.18190617987607657,-93.56718285560608,279.6637982559204
341,-848.0943741359264,34000.0,9,0.18,0.18099664897669618,-81.73797761499881,289.08436100006105
342,-1008.9774265463986,11000.0,3,0.06,0.1800916657318127,-50.4919441139698,256.67373878479003
343,-995.6077642864633,0.0,0,0.0,0.17919120740315364,-115.1179427433014,288.26895111083985
344,-1075.0000000000005,9000.0,3,0.06,0.17829525136613786,-111.23889031410218,260.0424720001221
345,100.33549339108959,60000.0,20,0.4,0.17740377510930716,9.721188430786134,259.14815521240234
346,-1187.9299603511338,4000.0,1,0.02,0.17651675623376062,-127.85575437963008,267.8121298217773
347,-1062.5999999999997,22500.0,6,0.12,0.1756341724525918,-1.1623469758033753,267.22338686943056
348,-380.0735627215158,31500.0,10,0.2,0.17475600159032884,-15.30829526424408,265.3276733779907
349,-619.9820360115682,15000.0,5,0.1,0.17388222158237718,-76.19867923736572,254.3275856590271
350,-200.67316973296352,42500.0,10,0.2,0.1730128104744653,12.440127556324006,267.06361473083496
351,-675.4983422244786,18500.0,5,0.1,0.17214774642209296,2.052982726097107,253.97022411346435
352,-20.331191991682886,45000.0,15,0.3,0.1712870076899825,-65.89711824417114,261.7077986049652
353,-710.8,12000.0,4,0.08,0.17043057265153258,-93.40838529348373,239.74938537597657
354,-402.62568063267554,29000.0,9,0.18,0.16957841978827493,-32.39451035499573,249.37686836242676
355,-43.80000000000052,38000.0,11,0.22,0.16873052768933355,27.719737124443053,259.88663265228274
356,-779.2000000000002,6000.0,2,0.04,0.1678868750508869,-110.00427598953247,275.002063293457
357,-638.986734805488,22000.0,7,0.14,0.16704744067563246,-79.03964788436889,231.08778388977052
358,-827.4000000000002,18000.0,5,0.1,0.1662122034722543,-112.01370555877685,266.45669883728027
359,-920.5999999999998,11000.0,3,0.06,0.16538114245489302,-78.00451855659485,236.29381393432618
360,74.2147213949799,53500.0,17,0.34,0.16455423674261854,-9.633282539844513,238.00151699066163
361,-512.6765209923883,29000.0,8,0.16,0.16373146555890544,-76.80716682434083,262.9993260574341
362,-1046.6000000000006,6500.0,2,0.04,0.16291280823111093,-176.446534332335,286.3959727478027
363,-852.0711188801624,27500.0,9,0.18,0.16209824418995536,-165.10857924461365,239.22159423828126
364,287.64842747604257,54500.0,15,0.3,0.16128775296900558,-14.106278142929078,249.51245307922363
365,-617.0000000000002,16000.0,5,0.1,0.16048131420416054,-74.94294818878174,252.43024457931517
366,-857.5576875241911,6000.0,2,0.04,0.15967890763313974,-146.14286029219627,238.99027084350587
367,-591.5614275518179,31000.0,7,0.14,0.15888051309497406,7.413766670227051,276.12643939971923
368,-743.2000000000003,20500.0,5,0.1,0.1580861105294992,-0.017165613174438477,230.11879169464112
369,47.98821909141844,62000.0,20,0.4,0.1572956799768517,-3.7481746768951414,251.49312229156493
370,-374.0466030362514,29500.0,9,0.18,0.15650920157696743,-88.77536025762558,246.36583053588868
371,-1002.5865361003151,3000.0,1,0.02,0.1557266555690826,-136.69125429153442,276.56282981872556
372,32.493764904833256,43500.0,14,0.28,0.1549480222912372,-21.70048138588667,228.870955619812
373,-48.79999999999984,36500.0,11,0.22,0.15417328217978102,-28.026844086647035,258.8612916946411
374,-850.0000000000001,9000.0,2,0.04,0.1534024157688821,-48.53999839782715,279.03384841918944
375,-1118.3274621032754,11000.0,3,0.06,0.1526354036900377,-19.36304509162903,243.2534160232544
376,-1457.8245199946757,9000.0,3,0.06,0.1518722266715875,-188.84795321702958,248.55237510681152
377,-592.3827392995,23000.0,7,0.14,0.15111286553822956,-83.77145981788635,257.6158982658386
378,54.07362466958284,45500.0,11,0.22,0.15035730121053842,-18.68123357772827,247.72176169395448
379,-623.0,22500.0,6,0.12,0.14960551470448571,-70.4606967830658,224.98578311920167
380,-890.580981305073,13500.0,3,0.06,0.14885748713096328,-0.8921340274810791,253.5347462463379
381,-859.2000000000002,9000.0,2,0.04,0.14811319969530845,-25.968150887787342,270.2939192962647
382,-317.8702751630439,36500.0,9,0.18,0.1473726336968319,-2.1752021646499635,238.5732304763794
383,-535.8,18500.0,6,0.12,0.14663577052834775,-38.08135701179504,271.0736646270752
384,-423.19999999999976,26000.0,8,0.16,0.14590259167570602,3.8030511331558228,245.72604970932008
385,-784.2903361419309,13500.0,4,0.08,0.1451730787173275,-77.38152410507202,274.58115303993225
386,-809.6000000000004,12000.0,4,0.08,0.14444721332374086,-75.44735089838505,270.0641512298584
387,-345.40000000000003,23000.0,7,0.14,0.14372497725712216,1.1265202808380126,238.5204623413086
388,-635.2,12000.0,4,0.08,0.14300635237083656,-5.65998333454132,256.62184757232666
389,-816.8,6000.0,2,0.04,0.14229132060898236,-80.79864549636841,238.10364081382752
390,-833.8000000000002,17500.0,4,0.08,0.14157986400593744,-26.602800331115724,240.79973426818847
391,-660.9535922144164,27000.0,7,0.14,0.14087196468590776,-5.46662163734436,281.0240948581696
392,-94.58251842873028,49500.0,12,0.24,0.14016760486247823,16.591148414611816,264.107244720459
393,-848.7699359489154,21500.0,7,0.14,0.13946676683816583,-111.69184485673904,255.8601538848877
394,-410.2277095198343,32500.0,8,0.16,0.138769433003975,-2.853028664588928,249.39245388031006
395,-1216.0645728766185,0.0,0,0.0,0.13807558583895513,-104.95555883407593,228.09058393478392
396,-598.7889015445213,25000.0,7,0.14,0.13738520790976036,-49.18681324958801,255.6059016418457
397,-749.7999999999998,14500.0,4,0.08,0.13669828187021155,-27.587229785919188,273.5991607284546
398,-344.4246604023666,43000.0,10,0.2,0.13601479046086049,7.588604323863983,258.31700340271
399,-783.0264654259163,12000.0,4,0.08,0.1353347165085562,-184.81076647877694,242.93606016159058
400,-226.14617416921806,60000.0,13,0.26,0.1346580429260134,8.420886001586915,248.5461002731323
401,-401.63983463148327,24000.0,8,0.16,0.13398475271138335,-175.79865781888367,271.43662200927736
402,-452.6336079011742,24500.0,7,0.14,0.13331482894782642,-109.34780897319317,261.4213421630859
403,-987.7327198372881,31000.0,10,0.2,0.13264825480308728,-97.79864543914795,249.35642124176024
404,-541.4000000000003,12500.0,4,0.08,0.13198501352907185,-90.36593839645386,247.36948554992676
405,-622.1999999999999,10000.0,3,0.06,0.1313250884614265,-92.16894801616668,238.38876621246337
406,-769.4000000000001,15500.0,4,0.08,0.13066846301911936,-25.185565099716186,277.9536587524414
407,-72.8595550214294,51500.0,15,0.3,0.13001512070402377,27.718369979858398,263.51000301361086
408,-928.6462702834085,18500.0,6,0.12,0.12936504510050365,-86.13401945590972,235.25645694732665
409,-1041.9127440023408,6000.0,2,0.04,0.12871821987500112,-92.30718966245651,246.55649063110351
410,-438.7894679460055,27000.0,9,0.18,0.12807462877562611,-26.700437722206114,245.98535177230835
411,-1110.0000000000007,3500.0,1,0.02,0.12743425563174798,-150.33500137329102,282.5154549026489
412,-644.9383469356437,33500.0,11,0.22,0.12679708435358925,-92.76792948007584,282.0208729839325
413,-439.3345597061961,42000.0,12,0.24,0.1261630989318213,-87.1593088388443,274.85921060562134
414,-216.08320561759712,40500.0,10,0.2,0.1255322834371622,2.256696834564209,268.85328662872314
415,-721.0000000000001,6500.0,2,0.04,0.12490462201997637,-20.212306299209594,244.97195938110352
416,-625.1999999999999,17500.0,5,0.1,0.1242800989098765,-55.13771487236023,265.65161643981935
417,-1138.0769239381357,4500.0,1,0.02,0.12365869841532712,-60.41722761154175,249.46983404159545
418,-942.7999999999997,6000.0,2,0.04,0.12304040492325048,-92.58892670631408,255.48611743927003
419,-1115.3586218155742,18000.0,6,0.12,0.12242520289863423,-179.41795084297658,264.1884470748901
420,-293.80287823727576,37500.0,11,0.22,0.12181307688414106,-30.434824085235597,285.4542933654785
421,-1090.0,0.0,0,0.0,0.12120401149972035,-174.3775659918785,257.80087102890013
422,-710.9999999999995,15000.0,5,0.1,0.12059799144222175,-147.28325842618943,265.45079805374144
423,-55.454519355636876,42000.0,11,0.22,0.11999500148501063,-60.3468651676178,290.7917312240601
424,-523.4000000000001,26000.0,7,0.14,0.11939502647758558,-2.7323445734381675,262.28130524635316
425,-804.5259815512219,9000.0,3,0.06,0.11879805134519765,-183.41247277975083,262.93775367736816
426,-234.782921083377,42500.0,11,0.22,0.11820406108847166,8.615328187942504,274.7299580383301
427,566.057941851336,74500.0,19,0.38,0.1176130407830293,45.96670205116272,268.68533519744875
428,-389.19999999999976,29500.0,9,0.18,0.11702497557911415,5.918576890230179,275.93281532287597
429,-324.61529202502373,31500.0,10,0.2,0.11643985070121858,-34.57717074394226,243.7649186706543
430,-666.2,20500.0,6,0.12,0.11585765144771248,-12.254574351906776,243.0892525482178
431,-438.4000000000001,33000.0,10,0.2,0.11527836319047392,6.410999717712403,234.43305103302
432,-232.25713995777602,34500.0,11,0.22,0.11470197137452155,-30.42843343734741,268.2422888946533
433,-570.180621301221,27000.0,8,0.16,0.11412846151764894,-3.4877278327941896,269.98154773712156
434,68.19999999999948,43000.0,13,0.26,0.1135578192100607,24.45381788253784,246.33739040374755
435,-861.1898799887375,7500.0,2,0.04,0.11299003011401039,-114.41968589305878,244.8224500656128
436,-1117.8000000000002,8500.0,2,0.04,0.11242507996344034,-52.42174741029739,275.564591217041
437,-939.5999999999997,7000.0,2,0.04,0.11186295456362313,-23.367257566452025,248.81547283172608
438,-572.2198979393264,23000.0,7,0.14,0.11130363979080501,-69.93778182029725,224.49593194961548
439,-294.12293084262507,27500.0,8,0.16,0.11074712159185099,-4.232807569503784,245.0859421825409
440,-301.42579828383305,33500.0,10,0.2,0.11019338598389174,18.32160192489624,276.6123099136353
441,-379.3999999999998,25000.0,7,0.14,0.10964241905397228,3.5717674565315245,277.75042324066163
442,-763.6000000000001,7000.0,2,0.04,0.10909420695870241,-105.01204941749573,263.8147054862976
443,-532.6678345101411,19000.0,6,0.12,0.1085487359239089,-19.616034317016602,250.83705251693726
444,-173.46194466967944,41000.0,13,0.26,0.10800599224428936,-23.309684343338013,250.34475982666015
445,-723.4,3000.0,1,0.02,0.10746596228306791,-70.83716388225555,261.9297134780884
446,-150.48338820917257,34500.0,10,0.2,0.10692863247165257,-30.633221435546876,250.8053187561035
447,-639.3467611078846,15000.0,3,0.06,0.1063939893092943,-73.78790406465531,253.40657386779785
448,-554.384394862971,23500.0,7,0.14,0.10586201936274783,-96.9576276731491,266.7666165542603
449,655.2533453458959,80000.0,17,0.34,0.10533270926593409,44.63543153643608,279.3081125640869
450,-931.1635889375806,15500.0,5,0.1,0.10480604571960442,-67.31588690757752,274.48916580200193
451,-282.3493236082547,33000.0,7,0.14,0.1042820154910064,-4.433034782409668,261.01614692687986
452,-968.6693513151527,11000.0,3,0.06,0.10376060541355137,-96.06104558944702,238.42155502319335
453,-235.28532905974453,30000.0,8,0.16,0.1032418023864836,-63.96389357089996,288.738397064209
454,-900.8707716782517,5000.0,1,0.02,0.10272559337455119,-159.58068076610564,268.2865283203125
455,-408.82105443833996,38000.0,10,0.2,0.10221196540767843,-33.70822604179382,292.85468477249145
456,-1289.6594510293378,10000.0,2,0.04,0.10170090558064004,-152.45009011149406,246.25383583068847
457,-421.5187394106329,28000.0,7,0.14,0.10119240105273684,-24.16445830345154,284.6807978439331
458,-659.8458366536433,20500.0,6,0.12,0.10068643904747315,-43.14492084503174,249.3813684463501
459,-753.6590774348088,17000.0,5,0.1,0.10018300685223579,-97.77932249069214,313.0125133514404
460,-764.2,3000.0,1,0.02,0.0996820918179746,-28.562709701061248,254.97185939788818
461,-374.7375037453911,31000.0,7,0.14,0.09918368135888474,-89.35332841634751,277.9173715209961
462,-786.9655500663649,12000.0,4,0.08,0.09868776295209031,-180.91228964805603,278.4333098602295
463,-448.6000000000001,22500.0,6,0.12,0.09819432413732986,-7.034213829040527,281.7365739822388
464,-1017.2302693681119,18000.0,6,0.12,0.09770335251664321,-188.8733533167839,258.43329601287843
465,-203.84857386100163,40000.0,13,0.26,0.09721483575406,-82.22884264945984,245.61889872550964
466,-279.5972007871422,29000.0,7,0.14,0.09672876157528969,-23.567277317047118,276.18775577545165
467,-508.79018506624243,19500.0,6,0.12,0.09624511776741324,-49.16042508125305,281.83627082824705
468,559.314745929775,55000.0,17,0.34,0.09576389217857617,0.9834869432449341,276.3293847084045
469,-935.3781244148416,6000.0,2,0.04,0.09528507271768329,-110.40568573713303,279.691169128418
470,-315.3257859177504,32500.0,10,0.2,0.09480864735409487,-13.053336610794068,255.02681827545166
471,-50.598496719556124,41500.0,11,0.22,0.0943346041173244,-9.394120023846627,275.9173126220703
472,-465.447388703881,29500.0,7,0.14,0.09386293109673778,-92.9890235710144,234.68888591766358
473,427.18212320413454,70500.0,19,0.38,0.09339361644125409,20.008818933963777,281.53716911315917
474,-539.8941754720117,29000.0,9,0.18,0.09292664835904782,-111.6951942038536,264.22202394485475
475,-160.13381824325097,39000.0,9,0.18,0.09246201511725258,-0.7567420244216919,286.0305613517761
476,-257.0000000000009,19500.0,6,0.12,0.09199970504166631,-6.620245418548584,294.4279413795471
477,-446.4000000000005,17500.0,5,0.1,0.09153970651645797,-15.93442102432251,284.5980232620239
478,-694.5351867479976,12000.0,4,0.08,0.09108200798387568,-96.82101240158082,255.0400775909424
479,-626.3999999999999,11500.0,3,0.06,0.0906265979439563,-110.20533643722534,289.3834394454956
480,-502.67357899639,27000.0,9,0.18,0.09017346495423652,-89.61196907997132,261.7999193572998
481,-921.4855251689668,9000.0,3,0.06,0.08972259762946533,-180.02001478195191,300.41159896850587
482,-268.03746365882427,31500.0,7,0.14,0.089273984641318,-15.820588331222535,295.0311234664917
483,-12.069279138696515,36500.0,12,0.24,0.0888276147181114,-16.580525479316712,251.63023262023927
484,-576.4893440131132,19000.0,5,0.1,0.08838347664452084,-26.49016926765442,281.77353954315186
485,-233.30211186431023,32000.0,9,0.18,0.08794155926129824,-5.037234287261963,274.72414561271665
486,-564.6000000000001,24000.0,5,0.1,0.08750185146499175,-54.55339062213898,287.9370326137543
487,-16.95559931878813,49500.0,12,0.24,0.08706434220766679,18.56959997177124,290.803356628418
488,-293.8245662719687,34500.0,9,0.18,0.08662902049662846,5.070216913223266,312.24925689697267
489,-490.20000000000005,22000.0,7,0.14,0.08619587539414532,-46.125497312545775,267.47727180480956
490,-383.2563140017132,27000.0,7,0.14,0.08576489601717459,-124.52983398914337,277.4510722732544
491,-45.806611633994635,37500.0,12,0.24,0.08533607153708872,-19.82098771095276,301.8838348388672
492,-491.4899664123998,37500.0,11,0.22,0.08490939117940327,-132.9071040725708,293.92479625701907
493,-408.20000000000016,20000.0,5,0.1,0.08448484422350626,-113.34488049030304,269.3986111068726
494,-56.00000000000017,40000.0,10,0.2,0.08406242000238873,-5.035439739227295,307.02287551879886
495,-719.7034504548537,15500.0,5,0.1,0.08364210790237678,-60.44189671993256,268.0067931365967
496,-734.7277304975255,10000.0,3,0.06,0.0832238973628649,-159.05300704479217,290.3965225028992
497,-521.9786783869517,18000.0,5,0.1,0.08280777787605056,-57.30438311576843,254.92032386779786
498,-25.804288108376,46500.0,13,0.26,0.08239373898667031,-62.733988676071164,265.5460546398163
499,-432.79999999999995,20000.0,6,0.12,0.08198177029173696,-62.314269421696665,289.97890159606936
500,415.0000000000002,50500.0,14,0.28,0.08157186144027828,27.999010376930237,295.1231906890869
501,-898.7259807287672,6000.0,2,0.04,0.0811640021330769,-139.05309129714965,263.7204685306549
502,-711.6,12000.0,4,0.08,0.08075818212241151,-180.59961421251296,275.4956262207031
503,-392.10830573553,30000.0,10,0.2,0.08035439121179945,-94.71878062069416,281.9609313964844
504,-780.1999999999999,9000.0,3,0.06,0.07995261925574046,-109.3037651348114,270.5956029510498
505,-537.0678956951776,32500.0,9,0.18,0.07955285615946175,13.142340316772462,297.11554706573486
506,-618.0050258592,12000.0,4,0.08,0.07915509187866444,-100.75301799118519,307.313782043457
507,126.60519072566638,58500.0,16,0.32,0.07875931641927113,15.279039063453673,285.09717401504514
508,-306.5791051481653,33500.0,8,0.16,0.07836551983717477,-6.816389141082763,280.55154121398925
509,-669.0690242918466,15000.0,5,0.1,0.07797369223798889,-189.37284443438054,267.69107555389405
510,-712.2730352549905,14000.0,3,0.06,0.07758382377679894,-120.01706103324891,315.4306923675537
511,-586.8769459835306,27000.0,9,0.18,0.07719590465791494,-187.27864182293416,334.93662200927736
512,-110.38079715441921,44000.0,11,0.22,0.07680992513462537,-4.5417245388031,298.290459022522
513,-468.8093695649899,19500.0,5,0.1,0.07642587550895225,-22.921789989471435,291.98816558837893
514,-1210.0,0.0,0,0.0,0.07604374613140748,-142.76942883014678,260.1937768173218
515,-10.52127748649275,39500.0,11,0.22,0.07566352740075044,20.870785841941835,280.12875930786134
516,-94.73266661260135,35500.0,10,0.2,0.07528520976374668,-44.92784915447235,316.2221649169922
517,-950.149075894391,3000.0,1,0.02,0.07490878371492794,-198.9007700586319,281.80328620910643
518,-564.4811044708147,18500.0,6,0.12,0.0745342397963533,-137.27765710592269,303.49728865623473
519,-894.6541302772648,25000.0,8,0.16,0.07416156859737154,-114.69758044242859,302.8786082458496
520,-589.3591214030744,19000.0,5,0.1,0.07379076075438468,-139.05767541885376,302.5944477081299
521,-336.7209532063453,32500.0,8,0.16,0.07342180695061275,-120.05026528596878,303.6901130485535
522,-191.80000000000013,41000.0,9,0.18,0.07305469791585968,-12.556897583007812,304.0427514648438
523,-464.1117780787288,24000.0,7,0.14,0.07268942442628039,-57.02306031227112,264.54894760131833
524,-569.7999999999998,9000.0,3,0.06,0.07232597730414898,-167.39058696746827,285.8771514129639
525,-790.6911798795719,6500.0,2,0.04,0.07196434741762824,-112.23526767730714,263.830457572937
526,-39.62382856018962,30000.0,10,0.2,0.0716045256805401,-98.5202831363678,273.4795900726318
527,-546.5999999999999,26000.0,7,0.14,0.0712465030521374,-27.96367147445679,275.63286422729493
528,-762.6394355379817,6000.0,2,0.04,0.0708902705368767,-179.604841837883,291.5943873023987
529,-402.20000000000005,27000.0,9,0.18,0.07053581918419231,-120.01920077323913,299.0342925262451
530,-607.4000000000001,18000.0,5,0.1,0.07018314008827135,-42.893505821228025,304.8867403411865
531,-507.4000000000003,24000.0,5,0.1,0.06983222438783,-107.11854167938232,310.03109035491946
532,-20.968334781089766,49500.0,12,0.24,0.06948306326589085,-23.7177680683136,260.3725685310364
533,-101.73133231461918,33000.0,10,0.2,0.0691356479495614,-54.318413410186764,307.458134803772
534,-477.2000000000004,12000.0,4,0.08,0.06878996970981359,-162.92583844184875,271.9639365005493
535,-554.4518635176892,15000.0,5,0.1,0.06844601986126451,-78.82334882736205,294.2563740539551
536,-753.8,13000.0,3,0.06,0.06810378976195819,-128.50869356870652,300.15234828948974
537,151.61467857133073,46000.0,15,0.3,0.0677632708131484,-73.9998656141758,303.3127049255371
538,392.2000000000004,52500.0,14,0.28,0.06742445445908266,2.2020714569091795,282.8912184524536
539,-125.04201154596797,36000.0,10,0.2,0.06708733218678724,-39.13212985038757,315.62321937561035
540,-251.35274961817436,33000.0,9,0.18,0.0667518955258533,-43.75605158805847,304.2881617736816
541,237.757230957528,55500.0,15,0.3,0.06641813604822402,-20.535692973136904,316.22538299560546
542,-31.35992501587367,47500.0,14,0.28,0.0660860453679829,-29.80925860404968,300.9394588851929
543,-261.59694802484876,36500.0,10,0.2,0.06575561514114299,-6.553917512893677,277.1306563568115
544,256.3966296306495,56500.0,13,0.26,0.06542683706543727,0.40616888999938966,304.99759887695313
545,-472.7999999999999,23000.0,6,0.12,0.06509970288011008,-32.34202182292938,309.2943352890015
546,253.5727387747537,49500.0,15,0.3,0.06477420436570952,-3.868783073425293,302.503984375
547,-627.4000000000001,6500.0,2,0.04,0.06445033334388098,-133.22535148143768,318.46999725341794
548,-319.6132013166167,23500.0,7,0.14,0.06412808167716157,-138.55815439224244,297.8316314697266
549,-156.8202709369815,35500.0,9,0.18,0.06380744126877576,-15.267527661323548,316.8170967102051
550,-272.0000000000002,23000.0,6,0.12,0.06348840406243188,-85.33284488230943,301.60860000610353
551,178.60000000000025,52500.0,14,0.28,0.06317096204211972,-6.371604061722755,306.2790998840332
552,-970.0634311144718,0.0,0,0.0,0.06285510723190912,-143.965813536644,299.3417795562744
553,12.092421301841682,48500.0,12,0.24,0.06254083169574957,-89.75483384132386,290.54459770202635
554,-742.1845711468601,12000.0,4,0.08,0.062228127537270826,-198.33568664550782,298.2908490753174
555,-186.48999968534878,34000.0,10,0.2,0.06191698689958447,-48.2345050239563,295.2064324188232
556,-358.7103427781111,18000.0,5,0.1,0.061607401965086545,-144.30971870422363,321.9040330505371
557,150.99999999999932,52000.0,13,0.26,0.06129936495526111,12.256578024625778,308.07028846740724
558,-321.85440086157377,29500.0,8,0.16,0.0609928681304848,-118.67103046894073,283.21319858551027
559,-297.80000000000035,25000.0,7,0.14,0.060687903789832374,-136.61689121246337,295.39122276306153
560,-405.4000000000002,17000.0,5,0.1,0.06038446427088321,-133.6962352180481,299.52810691833497
561,-571.1999999999998,9000.0,2,0.04,0.06008254194952879,-51.878740520477294,311.06098251342775
562,-971.2570472042671,12000.0,4,0.08,0.05978212923978115,-132.6442251253128,312.1157803344727
563,167.56612641645984,45000.0,14,0.28,0.05948321859358224,-106.33444769620895,296.5417797088623
564,42.59563401898481,41000.0,13,0.26,0.05918580250061433,-33.23768676280975,324.438801651001
565,264.0361340156319,48500.0,14,0.28,0.058889873488111255,-27.109053106307982,319.46495845794675
566,-883.9944252163649,3000.0,1,0.02,0.058595424120670696,-220.41159162044525,304.58524349212644
567,-156.5800377764803,35500.0,9,0.18,0.05830244700006734,-42.86262547969818,336.11324630737306
568,-826.5156443765034,3000.0,1,0.02,0.058010934765067,-229.02111682772636,308.5758586883545
569,-705.4979396719827,3000.0,1,0.02,0.05772088009124167,-221.5543260216713,322.88106013298034
570,-814.2247058970601,9500.0,3,0.06,0.05743227569078546,-235.24802119016647,297.92193161010744
571,-477.472552281655,24000.0,7,0.14,0.05714511431233153,-151.74004025459288,344.29345413208006
572,-724.0000000000001,10500.0,3,0.06,0.05685938874076987,-150.02865352392197,311.11013763427735
573,-714.3102854669168,3000.0,1,0.02,0.056575091797066025,-233.00865483283997,309.09317165374756
574,-481.60000000000025,13000.0,4,0.08,0.056292216338080694,-173.14128138542176,295.3723526763916
575,-370.44212006774086,19000.0,5,0.1,0.05601075525639029,-147.0618409228325,307.0843132019043
576,-517.2,11500.0,3,0.06,0.05573070148010834,-98.70470196723937,282.0579626464844
577,-388.60000000000025,17000.0,5,0.1,0.0554520479727078,-117.02821976304054,296.7140856933594
578,-1007.7627000794223,0.0,0,0.0,0.05517478773284426,-145.96743819236755,284.8930693626404
579,-446.724809830454,31000.0,8,0.16,0.05489891379418004,-27.491061601638794,274.5221085357666
580,-509.94806771427875,19500.0,6,0.12,0.05462441922520914,-93.71095934867859,301.1444858551025
581,27.532302375349673,38500.0,11,0.22,0.0543512971290831,-4.257560575008393,301.6040097808838
582,-495.5575100611301,16000.0,4,0.08,0.05407954064343768,-112.02932196617127,321.24411069869996
583,-804.0,8000.0,2,0.04,0.05380914294022049,-75.99913110733033,309.7752362060547
584,-289.42852432695423,24000.0,8,0.16,0.05354009722551939,-122.70158875465393,284.55460609436034
585,-886.039506992922,6000.0,2,0.04,0.05327239673939179,-138.3159581375122,276.87919773101805
586,-338.5999999999995,22000.0,7,0.14,0.053006034755694834,-54.914853744506836,311.2259069442749
587,-444.1904820010876,28500.0,9,0.18,0.052741004581916356,-49.50514256000519,284.3276700592041
588,-412.6596322734857,22000.0,6,0.12,0.052477299559006776,-52.68042385101318,280.46656436920165
589,-123.00000000000028,34000.0,9,0.18,0.052214913061211746,-19.03596031188965,287.98162616729735
590,-283.02691585648574,27000.0,9,0.18,0.05195383849590569,-102.70506301403046,276.2906320953369
591,-582.5999999999999,12500.0,4,0.08,0.05169406930342616,-126.90683715581893,286.60806762695313
592,-422.470082620775,26000.0,7,0.14,0.05143559895690903,-61.91869306564331,281.62362716674807
593,64.61335839018273,43000.0,14,0.28,0.051178420962124486,-89.18399003744125,300.0529150390625
594,-226.80000000000143,22000.0,6,0.12,0.05092252885731386,-25.583831193447114,276.90978061676026
595,-833.2001886062707,12500.0,4,0.08,0.05066791621302729,-215.33562335968017,271.4601336669922
596,-407.5860171054535,18000.0,5,0.1,0.05041457663196215,-91.74375758171081,279.8414694976807
597,-1031.934465323587,0.0,0,0.0,0.050162503748802344,-205.81604286789894,260.69437784194946
598,121.92185958256562,46000.0,12,0.24,0.049911691230058335,1.587425365447998,262.323375415802
599,-112.09339467879022,29500.0,9,0.18,0.04966213277390804,-47.361507167816164,296.3566088104248
600,557.3911918270649,65500.0,18,0.36,0.0494138221100385,-9.786992387771607,267.82528415679934
