episode,reward,revenue,rooms_sold,occupancy_rate,epsilon,average_q
1,-2874.0167968505148,9500.0,2,0.04,1.0,0.0
2,-3304.9490365351367,11000.0,3,0.06,0.995,0.0
3,-2349.3290621602414,31500.0,7,0.14,0.990025,0.0
4,-2155.739834251267,23000.0,6,0.12,0.985074875,0.0
5,-3607.1021978243625,19500.0,5,0.1,0.9801495006250001,0.0
6,-3331.724125409601,14000.0,4,0.08,0.9752487531218751,0.0
7,-1671.5357539588924,45000.0,11,0.22,0.9703725093562657,0.0
8,-1502.4000000000008,52000.0,12,0.24,0.9655206468094844,0.0
9,-2337.1692613269047,36500.0,9,0.18,0.960693043575437,0.0
10,-2373.9314385264433,27000.0,7,0.14,0.9558895783575597,-0.06
11,-1841.7011987269075,40000.0,9,0.18,0.9511101304657719,0.0
12,-2872.3564037404103,7000.0,2,0.04,0.946354579813443,0.0
13,-3435.2431583275475,5500.0,1,0.02,0.9416228069143757,0.0
14,-2156.0549447183503,15500.0,4,0.08,0.9369146928798039,0.0
15,-2312.616513141932,30500.0,7,0.14,0.9322301194154049,0.0
16,-1456.8180032328942,47500.0,10,0.2,0.9275689688183278,0.0
17,-3223.11577328785,3000.0,1,0.02,0.9229311239742362,0.0
18,-2174.247067712633,27500.0,7,0.14,0.918316468354365,0.0
19,-2907.2566441914423,0.0,0,0.0,0.9137248860125932,0.0189165089826738
20,-1690.77960107864,39500.0,10,0.2,0.9091562615825302,-0.1996
21,-2106.7915105324155,19500.0,3,0.06,0.9046104802746175,0.0
22,-1464.5550031644316,48000.0,12,0.24,0.9000874278732445,0.0
23,-2622.273906676875,7500.0,2,0.04,0.8955869907338783,0.0
24,-2386.423683850019,32500.0,8,0.16,0.8911090557802088,0.0
25,-3474.2264958252863,9500.0,2,0.04,0.8866535105013078,-0.20282673916988259
26,-2260.863146530061,27500.0,5,0.1,0.8822202429488013,-0.0756
27,-3035.1848898233884,3000.0,1,0.02,0.8778091417340573,0.0
28,-2721.0732099094776,3000.0,1,0.02,0.8734200960253871,0.0
29,-2023.7999999999997,26500.0,6,0.12,0.8690529955452602,0.0
30,-3029.4718251824456,3000.0,1,0.02,0.8647077305675338,0.0
31,-1596.2456832104954,59500.0,13,0.26,0.8603841919146962,0.058600000000000006
32,-2613.55480601312,9500.0,3,0.06,0.8560822709551227,-0.0188
33,-2449.1499905436795,12000.0,3,0.06,0.851801859600347,0.0
34,-2134.4000000000033,21000.0,4,0.08,0.8475428503023453,0.0
35,-2384.961949300491,11000.0,3,0.06,0.8433051360508336,0.0
36,-1894.0,26500.0,7,0.14,0.8390886103705794,-0.0526
37,-2241.436587699657,28000.0,7,0.14,0.8348931673187264,0.0
38,-712.430721888157,68000.0,16,0.32,0.8307187014821328,-0.0008517127507057864
39,-1776.4484384618208,43500.0,9,0.18,0.8265651079747222,0.0
40,-2286.8602891967175,0.0,0,0.0,0.8224322824348486,0.0
41,-3090.850077838644,4000.0,1,0.02,0.8183201210226743,-0.0596
42,-2741.131528631479,19000.0,6,0.12,0.8142285204175609,-0.06
43,-3060.6770909019497,10500.0,3,0.06,0.810157377815473,-0.0992
44,-2619.0695202925126,0.0,0,0.0,0.8061065909263957,0.0
45,-1948.3651398990328,24000.0,5,0.1,0.8020760579717637,0.0
46,-2913.7682013695085,6000.0,2,0.04,0.798065677681905,-0.05840000000000001
47,-3578.9172765491094,3000.0,1,0.02,0.7940753492934954,-0.6023495786658409
48,-2459.6714872404755,20500.0,5,0.1,0.7901049725470279,0.0
49,-2038.9734949713595,52500.0,13,0.26,0.7861544476842928,0.0
50,-1397.4709446341503,34500.0,9,0.18,0.7822236754458713,-0.0196
51,-1851.4823177616731,26000.0,6,0.12,0.778312557068642,0.040460000000000024
52,-1955.7855325493983,25500.0,6,0.12,0.7744209942832988,0.0528
53,-1586.015549401185,30500.0,8,0.16,0.7705488893118823,0.0662
54,-2079.307790094188,17000.0,4,0.08,0.7666961448653229,0.02660000000000001
55,-2343.541127045347,6000.0,2,0.04,0.7628626641409962,0.0
56,-1976.2487469713546,19500.0,4,0.08,0.7590483508202912,0.0
57,-2350.505997925466,21500.0,6,0.12,0.7552531090661897,0.0
58,-2999.8902927664385,6500.0,2,0.04,0.7514768435208588,-0.2220447120428408
59,-1609.6077430810715,13000.0,3,0.06,0.7477194593032545,0.0
60,-2871.8503894589867,29500.0,9,0.18,0.7439808620067382,-0.08732786247689357
61,-1835.9424786916788,15500.0,4,0.08,0.7402609576967045,0.0
62,-670.4976771952747,58500.0,16,0.32,0.736559652908221,0.0
63,-1912.0941141492922,20000.0,6,0.12,0.7328768546436799,-0.024800000000000003
64,-2035.962032462219,9000.0,3,0.06,0.7292124703704616,0.0
65,-1965.8035894083093,18000.0,5,0.1,0.7255664080186093,-0.0784004
66,-1865.2460663158595,45500.0,11,0.22,0.7219385759785162,0.0
67,-1698.8154584386984,33500.0,8,0.16,0.7183288830986236,0.049800000000000004
68,-2723.379308370014,7500.0,2,0.04,0.7147372386831305,-0.06458398631369479
69,-1153.3746482766276,45500.0,13,0.26,0.7111635524897149,-0.02
70,-2183.199790930228,22500.0,7,0.14,0.7076077347272662,0.0416
71,-2168.4303918719493,6000.0,1,0.02,0.7040696960536299,0.08286460000000001
72,-961.1966487056366,36000.0,10,0.2,0.7005493475733617,0.0008000000000000001
73,-2393.972067058512,19000.0,5,0.1,0.697046600835495,0.09199960000000001
74,-2395.055980907723,6000.0,2,0.04,0.6935613678313175,-0.018000000000000002
75,-2092.907143434679,10000.0,3,0.06,0.6900935609921609,0.0
76,-2053.8770670711983,3000.0,1,0.02,0.6866430931872001,0.0
77,-1478.0578408137364,24500.0,7,0.14,0.6832098777212641,0.0
78,-1765.8000000000018,21000.0,7,0.14,0.6797938283326578,0.0
79,-1890.277248936814,29500.0,8,0.16,0.6763948591909945,0.0
80,-1671.771858082612,20000.0,6,0.12,0.6730128848950395,0.09843919999999999
81,-2164.9999999999977,3000.0,1,0.02,0.6696478204705644,0.0
82,-1585.8777068168547,27000.0,8,0.16,0.6662995813682115,0.0
83,-2220.3582571036977,3000.0,1,0.02,0.6629680834613705,0.0
84,-2434.2851050736735,6500.0,1,0.02,0.6596532430440636,0.0
85,-1051.901116629726,34500.0,8,0.16,0.6563549768288433,0.0008000000000000001
86,-2441.398538741566,10000.0,3,0.06,0.653073201944699,-0.0788
87,-1892.0423274566774,14500.0,4,0.08,0.6498078359349755,0.0
88,-1428.1313242315407,43000.0,11,0.22,0.6465587967553006,0.0
89,-1504.3015218748847,40000.0,11,0.22,0.6433260027715241,0.059198
90,-859.2000000000003,66500.0,15,0.3,0.6401093727576664,0.0684
91,-1929.8420734567248,23000.0,6,0.12,0.6369088258938781,0.0068000000000000005
92,-1716.1073902175299,7000.0,2,0.04,0.6337242817644086,-0.0572
93,-2327.2051552590337,11500.0,3,0.06,0.6305556603555866,0.0
94,-1712.1999999999987,18000.0,5,0.1,0.6274028820538087,0.0
95,-2155.556227574417,11000.0,3,0.06,0.6242658676435396,0.0
96,-1661.6146575038476,9000.0,3,0.06,0.6211445383053219,0.044000000000000004
97,-2000.0834446485082,11000.0,3,0.06,0.6180388156137953,0.0
98,-1583.1639998492135,27500.0,8,0.16,0.6149486215357263,0.0456
99,-1637.3272403060168,23000.0,6,0.12,0.6118738784280476,0.0
100,-1873.3999999999996,3000.0,1,0.02,0.6088145090359074,0.0
101,-1404.4000000000005,29500.0,7,0.14,0.6057704364907278,0.016808489467582146
102,-2067.609492415533,10500.0,3,0.06,0.6027415843082742,0.020399600000000007
103,-1522.7210475623851,31500.0,9,0.18,0.5997278763867329,0.04116
104,-1375.8002067398866,34000.0,9,0.18,0.5967292370047992,0.09400000000000003
105,-902.6699655523705,27000.0,7,0.14,0.5937455908197752,-0.10484414380691585
106,-1809.9999999999995,12000.0,4,0.08,0.5907768628656763,0.047200000000000006
107,-1891.1452433895877,22000.0,7,0.14,0.5878229785513479,0.0
108,-1642.7813310817307,24500.0,8,0.16,0.5848838636585911,-0.019399999999999994
109,-1826.8547337840075,9000.0,3,0.06,0.5819594443402982,0.0
110,-456.0000000000001,58500.0,15,0.3,0.5790496471185967,0.0
111,-2490.2396495179037,11000.0,3,0.06,0.5761543988830038,-0.03690265494779634
112,-1163.8637544359262,43000.0,13,0.26,0.5732736268885887,0.14765918
113,-1880.600000000001,9000.0,3,0.06,0.5704072587541458,0.0424
114,-1620.6000000000004,16500.0,4,0.08,0.567555222460375,0.0
115,-1992.222312993461,9000.0,3,0.06,0.5647174463480732,0.0
116,-2235.539040220386,13000.0,3,0.06,0.5618938591163328,-0.02929923868077106
117,-1257.9058175107837,42500.0,12,0.24,0.5590843898207511,-0.22268769893280915
118,-1935.0227879781655,12000.0,3,0.06,0.5562889678716474,-0.11510112
119,-1336.3312836715581,42500.0,11,0.22,0.5535075230322891,0.1303118808
120,-1979.960796814015,10500.0,3,0.06,0.5507399854171277,0.0
121,-1238.1999999999998,32500.0,8,0.16,0.547986285490042,0.041639600000000006
122,-1264.5135005263805,35500.0,10,0.2,0.5452463540625918,0.10540000000000001
123,-2098.73667984205,3000.0,1,0.02,0.5425201222922789,0.09496643161205717
124,-1716.8000000000002,6500.0,1,0.02,0.5398075216808175,0.0
125,-1548.8000000000015,20500.0,5,0.1,0.5371084840724134,0.0404
126,-1653.3537107077987,6000.0,2,0.04,0.5344229416520513,0.0516
127,-682.0888282261918,50500.0,15,0.3,0.531750826943791,0.046400000000000004
128,-786.416223242284,60500.0,14,0.28,0.5290920728090721,0.014399600000000002
129,-1723.5068965223163,6000.0,2,0.04,0.5264466124450268,-0.07119999999999999
130,-639.7122935994387,45000.0,14,0.28,0.5238143793828016,0.055200000000000006
131,-331.11335300229626,66500.0,17,0.34,0.5211953074858876,0.07560026484905363
132,-775.8000000000002,32000.0,9,0.18,0.5185893309484582,0.0
133,-1398.6081684521491,29000.0,9,0.18,0.5159963842937159,-0.054400000000000004
134,-1810.4880039613677,12000.0,4,0.08,0.5134164023722473,0.0456
135,-1354.5616770485394,38500.0,10,0.2,0.510849320360386,0.0421164
136,-1478.5133552314978,26500.0,8,0.16,0.5082950737585841,0.4710045323300596
137,-1261.1928309476368,26000.0,7,0.14,0.5057535983897912,0.06360000000000002
138,-1354.031316646745,34000.0,8,0.16,0.5032248303978422,0.08697223438720181
139,-2080.44495226524,0.0,0,0.0,0.500708706245853,0.0404
140,-1458.188067169664,21500.0,7,0.14,0.4982051627146237,0.11571172632
141,-1310.1839649132066,21500.0,7,0.14,0.49571413690105054,0.0
142,-1824.4000000000015,4500.0,1,0.02,0.4932355662165453,0.0
143,-1250.8908896872122,15000.0,5,0.1,0.4907693883854626,0.0906
144,-1246.8140812792644,27500.0,7,0.14,0.4883155414435353,0.1944
145,-731.9788100442063,33500.0,10,0.2,0.4858739637363176,0.08514953605939729
146,-609.332182873414,56500.0,16,0.32,0.483444593917636,-0.0341864
147,-765.2,29500.0,7,0.14,0.4810273709480478,-0.006446399999999999
148,-491.4795988287369,42500.0,12,0.24,0.47862223409330756,-0.016
149,-1578.4366196587505,15000.0,5,0.1,0.47622912292284103,0.0984
150,-1391.7831357029957,3000.0,1,0.02,0.4738479773082268,0.0
151,-1685.7342979997495,7000.0,2,0.04,0.47147873742168567,0.0554
152,-1458.7385217448427,23000.0,7,0.14,0.46912134373457726,-0.10973128280224287
153,-1199.0971353360928,24000.0,7,0.14,0.46677573701590436,0.24583777368775903
154,-416.91402689510534,58000.0,17,0.34,0.46444185833082485,0.6014152689196002
155,-1574.2000000000012,3000.0,1,0.02,0.46211964903917074,0.06420000000000001
156,-1719.1729843183107,21000.0,6,0.12,0.4598090507939749,0.23211880000000001
157,-2188.805347598317,6000.0,2,0.04,0.457510005540005,0.0
158,-1807.000000000001,9000.0,3,0.06,0.45522245551230495,0.0044
159,-2279.9488744724936,6500.0,2,0.04,0.4529463432347434,0.08993494105603457
160,-1406.0190094510717,15000.0,4,0.08,0.4506816115185697,0.0
161,-1304.026240004696,34000.0,10,0.2,0.4484282034609769,-0.015593203093020947
162,-1638.9183003077453,0.0,0,0.0,0.446186062443672,0.0
163,-1585.882164015973,6000.0,2,0.04,0.4439551321314536,0.0
164,-1409.7999999999995,9000.0,3,0.06,0.4417353564707963,0.0024
165,-810.4659529738858,43500.0,12,0.24,0.43952667968844233,-0.08139295418973098
166,-1426.3923531790174,29500.0,8,0.16,0.43732904629000013,-0.14184195901367747
167,-2133.6242774262346,12000.0,4,0.08,0.4351424010585501,0.0344067913736582
168,-1531.7787587341004,15500.0,5,0.1,0.43296668905325736,0.049600000000000005
169,-1041.182663470182,22500.0,6,0.12,0.43080185560799106,-0.03868200000000001
170,-362.8095030944308,53000.0,14,0.28,0.4286478463299511,-0.005550997770022202
171,-1029.1999999999998,32500.0,9,0.18,0.42650460709830135,0.0
172,-1739.6335227195636,18500.0,6,0.12,0.42437208406280985,0.0
173,-2065.4278039139617,3000.0,1,0.02,0.4222502236424958,0.07094204886218955
174,-1203.5513117593073,24500.0,6,0.12,0.42013897252428334,0.15403933825804192
175,-1480.7415741816083,29500.0,8,0.16,0.4180382776616619,0.052440000000000014
176,-1357.669907967831,21500.0,6,0.12,0.4159480862733536,-0.0415454019088099
177,-1868.330310151169,11000.0,3,0.06,0.41386834584198684,0.0008000000000000007
178,-910.4000000000005,25500.0,7,0.14,0.4117990041127769,-0.06
179,-1558.5805247440671,8500.0,2,0.04,0.40974000909221303,0.0
180,-634.2031404949928,40500.0,9,0.18,0.40769130904675194,0.038355600000000004
181,-1559.2600841550197,14500.0,4,0.08,0.40565285250151817,0.0404
182,-1689.6022473592625,18000.0,5,0.1,0.4036245882390106,0.0
183,-1182.9999999999993,24000.0,7,0.14,0.4016064652978155,0.08067264080000001
184,-1769.3999999999999,12000.0,3,0.06,0.3995984329713264,0.029000000000000005
185,-701.6202219858487,21000.0,6,0.12,0.3976004408064698,0.0
186,-1602.0848757206145,6000.0,2,0.04,0.39561243860243744,0.0
187,-1939.8098084192538,24000.0,8,0.16,0.3936343764094253,-0.022375786570090886
188,-727.5183412576738,38500.0,11,0.22,0.39166620452737816,0.1707994362913263
189,-1329.664983675233,18000.0,4,0.08,0.3897078735047413,0.07836
190,-1290.0,0.0,0,0.0,0.3877593341372176,0.0
191,-905.624006934226,20500.0,6,0.12,0.3858205374665315,-0.5328274581403366
192,-1355.352217112877,11000.0,3,0.06,0.38389143477919885,0.0404
193,-619.8,29500.0,8,0.16,0.3819719776053028,0.011123640000000008
194,-1209.1999999999994,6000.0,2,0.04,0.3800621177172763,0.0
195,-901.528363774469,16500.0,4,0.08,0.37816180712868996,0.0
196,-1259.9841130213963,9500.0,3,0.06,0.37627099809304654,0.08435959999999999
197,-805.2905503360996,28000.0,8,0.16,0.3743896431025813,0.10447124375124003
198,-860.2202731292517,35500.0,10,0.2,0.37251769488706843,0.22389840000000003
199,-1444.6000000000006,3000.0,1,0.02,0.3706551064126331,0.0412
200,-789.4849912844722,33500.0,9,0.18,0.36880183088056995,0.560493772736116
201,-1115.8818950106584,18000.0,6,0.12,0.3669578217261671,0.11731924040000001
202,-780.1369522310191,33500.0,9,0.18,0.36512303261753626,0.056799999999999996
203,-1322.0176503380967,12000.0,4,0.08,0.3632974174544486,0.3593006275098709
204,-1464.2000000000012,9000.0,3,0.06,0.3614809303671764,0.0
205,-1051.9999999999998,16500.0,5,0.1,0.3596735257153405,0.0
206,-886.8000000000001,15500.0,5,0.1,0.3578751580867638,-0.06
207,-1170.200077945227,9000.0,3,0.06,0.35608578229633,0.15879959999999999
208,-1633.5762482089663,22500.0,7,0.14,0.3543053533848483,-0.007310445140500476
209,-1354.0119944813946,3000.0,1,0.02,0.35253382661792404,0.04227273438928471
210,-1099.538132000707,29500.0,9,0.18,0.3507711574848344,0.0
211,-1282.710096680079,9000.0,3,0.06,0.34901730169741024,0.0
212,-949.1999999999999,13000.0,4,0.08,0.3472722151889232,-0.010399999999999996
213,-873.6907511438928,21500.0,7,0.14,0.3455358541129786,0.3446208
214,-371.0907059386938,47000.0,13,0.26,0.3438081748424137,0.323720720528
215,-515.5999999999999,39500.0,11,0.22,0.3420891339682016,0.38369944199999995
216,-980.3459074123909,32500.0,8,0.16,0.3403786882983606,0.35704122239850444
217,-1459.5270097630819,30500.0,10,0.2,0.3386767948568688,0.02383800000000001
218,-545.410839224409,40500.0,12,0.24,0.33698341088258443,0.201209051204333
219,-897.5999999999999,36500.0,9,0.18,0.3352984938281715,0.09837511872073595
220,-1413.4331352593995,9000.0,3,0.06,0.33362200135903064,0.09559999999999999
221,-1195.7406919409864,25000.0,8,0.16,0.33195389135223546,0.22016855725999998
222,-1561.6398085113185,6000.0,2,0.04,0.3302941218954743,0.0775996
223,-1375.9715731554772,18000.0,6,0.12,0.32864265128599696,0.27226041807899504
224,-1006.4117108215211,15500.0,5,0.1,0.326999438029567,0.0
225,-895.6241193936798,23500.0,6,0.12,0.3253644408394192,0.4783233976589172
226,-1813.285702979691,3000.0,1,0.02,0.3237376186352221,0.0
227,-895.5999999999999,20500.0,5,0.1,0.322118930542046,0.1578734
228,-1351.8890821224913,6000.0,2,0.04,0.32050833588933575,0.0
229,-680.0,21000.0,6,0.12,0.31890579420988907,0.04520000000000001
230,-1004.2658477150012,42500.0,11,0.22,0.3173112652388396,0.5017015700051699
231,-655.2783596210501,24000.0,7,0.14,0.3157247089126454,0.08040000000000001
232,-1670.0,0.0,0,0.0,0.3141460853680822,0.0404
233,-523.3508969429679,46000.0,15,0.3,0.3125753549412418,-0.08
234,-961.566572327144,21000.0,7,0.14,0.31101247816653554,-0.36727217556526015
235,-260.9320972481347,38000.0,12,0.24,0.30945741577570285,0.057516
236,-1030.5010123962275,19000.0,6,0.12,0.3079101286968243,0.1406
237,-753.021624239652,39000.0,12,0.24,0.3063705780533402,0.28596771813068045
238,-1207.6396786133416,18000.0,6,0.12,0.30483872516307353,0.17758736075311177
239,-351.07981687239305,45000.0,14,0.28,0.3033145315372582,0.43070968947096505
240,-1252.6000000000001,3000.0,1,0.02,0.3017979588795719,0.1008
241,-1584.9711758218825,3000.0,1,0.02,0.30028896908517405,-0.007444109575887963
242,-1311.8885591178696,17000.0,5,0.1,0.2987875242397482,0.017639200000000004
243,-535.2490381570095,28000.0,9,0.18,0.29729358661854943,0.18523692115960003
244,-512.8602833428529,34500.0,11,0.22,0.29580711868545667,0.0
245,-346.1907255741179,48500.0,16,0.32,0.2943280830920294,0.2791192
246,-1941.9748548997873,3000.0,1,0.02,0.29285644267656924,-0.1548154918571092
247,-488.76779241421355,36500.0,10,0.2,0.2913921604631864,0.35066835662002965
248,-711.7677379801002,38000.0,12,0.24,0.28993519966087045,0.05596000000000002
249,-997.2000000000004,20000.0,6,0.12,0.2884855236625661,0.038397200000000006
250,-892.3557124238293,28500.0,7,0.14,0.28704309604425327,0.14882084
251,-1251.1573290932688,16000.0,5,0.1,0.285607880564032,0.35501330422932015
252,-491.6000000000001,38500.0,11,0.22,0.28417984116121187,0.11127920000000001
253,-1113.8792131303303,12000.0,4,0.08,0.2827589419554058,0.0
254,-1495.1432010293838,6000.0,2,0.04,0.28134514724562876,0.0
255,-774.474239641777,46500.0,14,0.28,0.2799384215094006,0.5832440985763512
256,-964.4431545984705,10000.0,3,0.06,0.27853872940185365,0.0
257,-1171.7261081793831,12000.0,4,0.08,0.27714603575484437,0.14452680244335736
258,-1360.8968998811702,19000.0,6,0.12,0.2757603055760701,0.09416927445349206
259,-1365.256198499843,19000.0,5,0.1,0.2743815040481898,0.3600571869878804
260,-1695.3778120368738,6000.0,2,0.04,0.2730095965279488,0.17105503415043188
261,-101.60000000000036,47000.0,12,0.24,0.27164454854530906,0.1723984
262,-1266.6856050858964,8500.0,2,0.04,0.2702863258025825,-0.04555859656163383
263,-1235.620550818763,9000.0,3,0.06,0.2689348941735696,0.017372457646911095
264,-1448.353950691785,0.0,0,0.0,0.26759021970270175,-0.0719526933611723
265,-1133.1846740304554,18500.0,5,0.1,0.2662522686041882,0.06115104160000001
266,-1276.8381810555172,24000.0,6,0.12,0.2649210072611673,0.0854
267,-1336.3168781768695,12000.0,4,0.08,0.26359640222486147,0.0416
268,-984.7020269888553,13500.0,4,0.08,0.26227842021373715,0.0028000000000000004
269,-604.9470632031847,36000.0,10,0.2,0.2609670281126685,0.2082044706608558
270,-519.2,37000.0,12,0.24,0.25966219297210513,0.0016000000000000003
271,-92.6561631824593,42000.0,13,0.26,0.2583638820072446,0.3644313879496771
272,-1210.0,0.0,0,0.0,0.2570720625972084,0.0404
273,-1134.0311209628599,15000.0,5,0.1,0.25578670228422234,0.0868
274,-15.733996500047056,62000.0,19,0.38,0.25450776877280124,0.32053130591628104
275,-1081.843835018637,3000.0,1,0.02,0.2532352299289372,0.15266547200634759
276,-388.20000000000005,33000.0,9,0.18,0.2519690537792925,0.1516499804
277,-993.8924705967349,21000.0,7,0.14,0.2507092085103961,0.08151699661435811
278,-1027.2426909286944,15000.0,5,0.1,0.2494556624678441,0.047400000000000005
279,-1351.7593759470851,12500.0,4,0.08,0.24820838415550486,0.044356800000000016
280,-1165.5440258707176,15500.0,5,0.1,0.24696734223472733,0.593079934498042
281,-1224.7576146344918,9000.0,3,0.06,0.2457325055235537,0.12369778432126317
282,-1214.5999999999995,7500.0,2,0.04,0.24450384299593592,0.20028460000000003
283,-402.2303848487322,31500.0,10,0.2,0.24328132378095624,0.0176
284,-959.2368265794464,34500.0,11,0.22,0.24206491716205145,-0.034238755639999965
285,-756.5999999999999,10000.0,3,0.06,0.2408545925762412,0.0
286,-800.2261650655383,15000.0,4,0.08,0.23965031961336,0.09507365040000001
287,-1510.8205559122403,15000.0,5,0.1,0.2384520680152932,0.0
288,-658.7459813413233,19000.0,6,0.12,0.23725980767521673,0.0932
289,-762.9999999999999,12500.0,4,0.08,0.23607350863684065,0.1749028
290,-948.9372330861992,6000.0,2,0.04,0.23489314109365644,0.11553111052369083
291,-306.0000000000003,34500.0,11,0.22,0.23371867538818816,-0.5076038464399538
292,-783.0000000000001,38500.0,12,0.24,0.23255008201124722,0.4738179807026017
293,-962.256804107288,16000.0,5,0.1,0.231387331601191,0.4408939094039534
294,-911.639133552947,23500.0,7,0.14,0.23023039494318503,0.1358352
295,-1217.8042465790315,6000.0,2,0.04,0.2290792429684691,0.05000000000000001
296,-1044.5616210131839,6000.0,2,0.04,0.22793384675362674,-0.03404039999999999
297,-965.832375027472,19500.0,6,0.12,0.22679417751985861,0.4113606872
298,-156.16800185843886,47000.0,15,0.3,0.22566020663225933,0.0028384000000000005
299,-983.5673556473726,31000.0,10,0.2,0.22453190559909803,-0.05004793873956806
300,-245.4000000000005,40500.0,12,0.24,0.22340924607110255,0.4923233461338428
301,-812.2320841997127,21000.0,7,0.14,0.22229219984074702,0.04969554822841765
302,-1540.3525291365067,9000.0,3,0.06,0.2211807388415433,0.16716359326060076
303,-349.80000000000007,31000.0,9,0.18,0.22007483514733558,0.5204598
304,-998.9999999999999,13000.0,3,0.06,0.2189744609715989,0.044800000000000006
305,-898.6426422669949,15000.0,5,0.1,0.2178795886667409,0.0415996
306,-704.1999999999999,23000.0,7,0.14,0.2167901907234072,0.19285768239999995
307,-1389.939701591714,3000.0,1,0.02,0.21570623976979014,0.0
308,-1100.2495722771487,9000.0,3,0.06,0.21462770857094118,0.02680849312107845
309,-1314.1555181520757,3000.0,1,0.02,0.21355457002808648,0.042
310,-544.9881150368544,34000.0,11,0.22,0.21248679717794605,0.4666813543392779
311,-1200.595958589161,15000.0,5,0.1,0.21142436319205632,0.18489755600000002
312,-1023.5999999999996,6000.0,2,0.04,0.21036724137609603,0.17724948203487617
313,-536.4482786472556,25500.0,8,0.16,0.20931540516921554,0.16080000000000003
314,-639.1999999999999,19000.0,6,0.12,0.20826882814336947,0.5231032803187999
315,-862.522276335727,25000.0,8,0.16,0.20722748400265262,0.11177817120337707
316,-838.55074846774,15500.0,4,0.08,0.20619134658263935,0.10287760000000003
317,-160.97797138176435,36500.0,10,0.2,0.20516038984972615,0.36280465916000004
318,-321.99999999999966,31500.0,9,0.18,0.2041345879004775,0.2751789695207869
319,-1435.4084107404713,9000.0,3,0.06,0.2031139149609751,0.15013441466750058
320,-738.7023376726465,18000.0,5,0.1,0.20209834538617025,0.2174983875866586
321,-154.77099912341117,45500.0,13,0.26,0.2010878536592394,0.45278827452694215
322,-825.7217745328137,12000.0,4,0.08,0.2000824143909432,0.0
323,-944.4,12000.0,4,0.08,0.19908200231898848,0.08875960000000001
324,-1021.1296236062877,15000.0,5,0.1,0.19808659230739353,0.6720976053150038
325,-611.0000000000001,23500.0,6,0.12,0.19709615934585656,0.3573103208000001
326,-642.0047467336345,33000.0,11,0.22,0.19611067854912728,0.03636
327,-710.3334301912654,12500.0,4,0.08,0.19513012515638165,0.16868867972146745
328,-492.20000000000033,20500.0,6,0.12,0.19415447453059972,0.017679200000000003
329,-810.8000000000004,13000.0,4,0.08,0.19318370215794672,0.4703799296196
330,-498.519498203196,43000.0,14,0.28,0.192217783647157,0.08081471720360002
331,-207.60000000000008,50500.0,13,0.26,0.1912566947289212,-0.04
332,-337.84761104271007,61500.0,18,0.36,0.1903004112552766,0.6736994027634182
333,-636.2960992620503,24000.0,7,0.14,0.18934890919900021,0.044663464618621515
334,-818.9579811843812,13000.0,4,0.08,0.18840216465300522,0.0836
335,-530.4901263928266,27000.0,9,0.18,0.18746015382974018,0.0
336,-818.3999999999995,12000.0,4,0.08,0.1865228530605915,0.12246404040000002
337,-945.1633237637935,7000.0,2,0.04,0.18559023879528855,0.31464428959504415
338,-803.6959325098526,27000.0,8,0.16,0.1846622876013121,0.30654411154960004
339,-654.7061752161203,12000.0,4,0.08,0.18373897616330553,0.17920000000000003
340,-1378.6628493586022,14000.0,4,0.08,0.182820281282489,0.015525708602884568
341,-567.4865766074043,28000.0,9,0.18,0.18190617987607657,0.26789836228656
342,-1001.7127714867638,13000.0,4,0.08,0.18099664897669618,0.0
343,-1016.9999999999998,3000.0,1,0.02,0.1800916657318127,0.32821752263447995
344,-835.0,9000.0,3,0.06,0.17919120740315364,0.11199999999999999
345,19.12736733690241,53000.0,17,0.34,0.17829525136613786,0.5109276358226
346,-1091.4900904683477,3000.0,1,0.02,0.17740377510930716,0.040966443808970604
347,-855.1999999999999,16500.0,5,0.1,0.17651675623376062,0.2955392008572907
348,-647.8453196143287,30000.0,9,0.18,0.1756341724525918,1.0029986794635424
349,-947.1101163892906,15500.0,5,0.1,0.17475600159032884,0.6175005076992908
350,-255.99999999999955,33000.0,10,0.2,0.17388222158237718,0.4246656427423203
351,-584.0392354509015,24500.0,6,0.12,0.1730128104744653,-0.07019337435599994
352,14.85284978945117,56000.0,15,0.3,0.17214774642209296,0.06203321519171601
353,-971.345411225659,12000.0,4,0.08,0.1712870076899825,0.006800000000000001
354,-684.0977842749362,31500.0,10,0.2,0.17043057265153258,0.28606392626916083
355,-78.80000000000052,38500.0,11,0.22,0.16957841978827493,0.272119322
356,-1089.1999999999994,7000.0,2,0.04,0.16873052768933355,0.22355470013655215
357,-642.9939639821691,22000.0,7,0.14,0.1678868750508869,0.3802653385916576
358,-1017.4000000000002,15000.0,5,0.1,0.16704744067563246,0.1610752
359,-940.5999999999998,9000.0,3,0.06,0.1662122034722543,0.16060000000000002
360,81.35609325551087,52000.0,17,0.34,0.16538114245489302,0.4543799214349191
361,-648.9843620420056,24000.0,8,0.16,0.16455423674261854,0.392886796897842
362,-1149.845347408026,3000.0,1,0.02,0.16373146555890544,0.0
363,-995.5837679656172,22500.0,7,0.14,0.16291280823111093,0.15073721616745417
364,60.0101052460376,51000.0,14,0.28,0.16209824418995536,0.4770893829604801
365,-761.9999999999999,15500.0,5,0.1,0.16128775296900558,0.03716
366,-678.9576875241913,9000.0,3,0.06,0.16048131420416054,0.0
367,-536.8959463650258,26500.0,8,0.16,0.15967890763313974,0.38996314583768
368,-868.6000000000003,13500.0,4,0.08,0.15888051309497406,0.303474
369,501.19999999999953,71500.0,23,0.46,0.1580861105294992,0.1943723365314272
370,-145.76344254559245,40500.0,13,0.26,0.1572956799768517,0.18803840000000002
371,-882.3865361003144,6000.0,2,0.04,0.15650920157696743,0.2113941608
372,-100.87076580679468,39500.0,13,0.26,0.1557266555690826,0.3833136096378846
373,-1013.4969091503973,18500.0,6,0.12,0.1549480222912372,0.2763228747677116
374,-919.9999999999995,6000.0,2,0.04,0.15417328217978102,0.005600000000000001
375,-377.8245453163436,22500.0,7,0.14,0.1534024157688821,0.7047269633253112
376,-1217.726581009506,6500.0,2,0.04,0.1526354036900377,0.37865252089790885
377,-757.7827392995001,18000.0,6,0.12,0.1518722266715875,0.22519372803417984
378,-31.199999999999818,40500.0,11,0.22,0.15111286553822956,0.9094209137198294
379,-568.0000000000001,18000.0,6,0.12,0.15035730121053842,0.22265439999999995
380,-672.8000000000002,12000.0,4,0.08,0.14960551470448571,0.3040571204
381,-1404.2000000000012,6500.0,2,0.04,0.14885748713096328,0.2543351153999999
382,-471.255538291609,24000.0,7,0.14,0.14811319969530845,0.9538673909981658
383,-475.80000000000007,18500.0,6,0.12,0.1473726336968319,0.18900000000000003
384,-588.2,25500.0,8,0.16,0.14663577052834775,0.5181430442722611
385,-850.4903361419307,17500.0,5,0.1,0.14590259167570602,0.39610182592678045
386,-609.6000000000001,12000.0,4,0.08,0.1451730787173275,0.10472360000000001
387,-650.4000000000002,22500.0,7,0.14,0.14444721332374086,0.7521559131382354
388,-655.0,15000.0,5,0.1,0.14372497725712216,0.27831880000000003
389,-816.8,6000.0,2,0.04,0.14300635237083656,0.23707576247920004
390,-788.7999999999995,12000.0,4,0.08,0.14229132060898236,0.24693039632000005
391,-713.5008145754043,35000.0,9,0.18,0.14157986400593744,0.6359571915733929
392,-329.36558871515626,37000.0,11,0.22,0.14087196468590776,0.8185859841637977
393,-463.1651903642353,21500.0,7,0.14,0.14016760486247823,0.3850628328380005
394,57.79999999999927,36000.0,11,0.22,0.13946676683816583,0.7071067689896497
395,-1059.92794089995,6000.0,2,0.04,0.138769433003975,0.5255338926299808
396,-307.2000000000002,26000.0,8,0.16,0.13807558583895513,0.27303640000000007
397,-754.8,12000.0,4,0.08,0.13738520790976036,0.0548
398,-40.3330720503339,46000.0,13,0.26,0.13669828187021155,1.1508265656552097
399,-923.0264654259163,12000.0,4,0.08,0.13601479046086049,0.4315717296013255
400,-7.410157649721839,51000.0,15,0.3,0.1353347165085562,1.1218896675358738
401,-412.8151276200754,26000.0,8,0.16,0.1346580429260134,0.3218781559237962
402,-838.739258060385,18500.0,6,0.12,0.13398475271138335,0.43897512120000004
403,-752.5213627051553,33000.0,11,0.22,0.13331482894782642,0.22799240079999997
404,-1133.2927520984892,12000.0,4,0.08,0.13264825480308728,0.23497400080000005
405,-692.2,9000.0,3,0.06,0.13198501352907185,0.20573079999999996
406,-644.3999999999999,14000.0,4,0.08,0.1313250884614265,0.131406110202
407,-147.2909822703931,47500.0,14,0.28,0.13066846301911936,1.2695245711357814
408,-825.7357618116919,16500.0,5,0.1,0.13001512070402377,0.7308429637884453
409,-889.8000000000002,9000.0,3,0.06,0.12936504510050365,0.17222140780000006
410,-514.0262366466538,26000.0,8,0.16,0.12871821987500112,0.36343442240487667
411,-1088.6295394274125,3000.0,1,0.02,0.12807462877562611,0.0
412,-927.0853406880708,27000.0,9,0.18,0.12743425563174798,0.3000204327394803
413,-451.1022761760221,37500.0,12,0.24,0.12679708435358925,0.6441061393163787
414,-361.0832056175976,30000.0,10,0.2,0.1261630989318213,0.6300916020000001
415,-726.0000000000001,6000.0,2,0.04,0.1255322834371622,0.2746904
416,-745.2,15500.0,5,0.1,0.12490462201997637,0.18755960000000002
417,-614.4000000000003,6000.0,2,0.04,0.1242800989098765,0.0
418,-782.8000000000002,6000.0,2,0.04,0.12365869841532712,0.5089776415167209
419,-1714.188365753894,10000.0,3,0.06,0.12304040492325048,0.29207553874022724
420,-183.72131670528006,34000.0,11,0.22,0.12242520289863423,1.5114177437135172
421,-830.0,0.0,0,0.0,0.12181307688414106,0.11395480039999999
422,-751.0,15000.0,5,0.1,0.12120401149972035,0.11479999999999999
423,-68.60427884053536,36000.0,11,0.22,0.12059799144222175,0.24320000000000003
424,-583.4,22000.0,7,0.14,0.11999500148501063,0.7167318127600001
425,-981.2381886338702,9000.0,3,0.06,0.11939502647758558,-0.6586403999999999
426,153.3999999999993,47000.0,13,0.26,0.11879805134519765,1.6694783474528396
427,793.0888669187867,77000.0,24,0.48,0.11820406108847166,0.7300670317892205
428,-278.7999999999998,30000.0,8,0.16,0.1176130407830293,0.402167832
429,-309.9324867103192,33000.0,10,0.2,0.11702497557911415,0.778858543151374
430,-521.5730477315508,18000.0,6,0.12,0.11643985070121858,0.3324148969184504
431,-238.40000000000032,33000.0,10,0.2,0.11585765144771248,0.3428587393184
432,-19.40000000000032,36500.0,12,0.24,0.11527836319047392,0.24173796336120001
433,-234.3999999999993,31000.0,10,0.2,0.11470197137452155,0.5802066674923623
434,13.461415029405657,40000.0,13,0.26,0.11412846151764894,1.2132619265131668
435,-893.4720724639535,6000.0,2,0.04,0.1135578192100607,0.20403813735292228
436,-862.7999999999997,6000.0,2,0.04,0.11299003011401039,0.16273687350037355
437,-790.9999999999999,10000.0,3,0.06,0.11242507996344034,0.5009295115470404
438,-277.19999999999993,26000.0,8,0.16,0.11186295456362313,0.3980657659596
439,-269.53622586612977,30000.0,9,0.18,0.11130363979080501,0.9830210063606672
440,-248.44321252439,39000.0,11,0.22,0.11074712159185099,2.1091045097002437
441,-478.6,28500.0,8,0.16,0.11019338598389174,1.0430957328204382
442,-776.1053515658507,11500.0,3,0.06,0.10964241905397228,0.4306078407999999
443,-480.26783451014126,22500.0,7,0.14,0.10909420695870241,1.3759148622012942
444,-359.0443515900738,33000.0,10,0.2,0.1085487359239089,0.6742615779076965
445,-998.4,3500.0,1,0.02,0.10800599224428936,0.0412
446,-341.405073676336,28500.0,9,0.18,0.10746596228306791,0.10125419999999999
447,-685.0,9000.0,3,0.06,0.10692863247165257,0.2639219608000001
448,-422.3128871569412,28000.0,9,0.18,0.1063939893092943,0.5198563596888864
449,491.399999999999,56500.0,18,0.36,0.10586201936274783,0.2913515199145367
450,-398.2175349159563,25500.0,8,0.16,0.10533270926593409,0.24519788080000002
451,-424.14932360825384,27000.0,8,0.16,0.10480604571960442,0.6397156028
452,-893.5999999999997,12000.0,4,0.08,0.1042820154910064,0.4640182805591999
453,-513.2613593914202,21000.0,7,0.14,0.10376060541355137,0.05320000000000001
454,-873.8763432647571,6000.0,2,0.04,0.1032418023864836,0.014400000000000003
455,21.065030122067697,36000.0,12,0.24,0.10272559337455119,0.08019764272217873
456,-721.0059523888219,9000.0,3,0.06,0.10221196540767843,0.0
457,-290.7840689919013,26000.0,8,0.16,0.10170090558064004,0.8214479632000662
458,-364.0701984265973,24000.0,8,0.16,0.10119240105273684,0.32265638866813545
459,-627.9700006728283,18000.0,6,0.12,0.10068643904747315,0.6694374288151317
460,-904.1999999999998,3000.0,1,0.02,0.10018300685223579,0.26906067608
461,-415.7999999999999,24000.0,7,0.14,0.0996820918179746,0.4710836644
462,-1006.9655500663653,12000.0,4,0.08,0.09918368135888474,0.0104
463,-633.6,18000.0,6,0.12,0.09868776295209031,0.6214607999999999
464,-791.7530301100091,21500.0,7,0.14,0.09819432413732986,0.3399739115130068
465,-311.1482147400363,44500.0,14,0.28,0.09770335251664321,0.680530180965203
466,-399.19999999999993,21500.0,7,0.14,0.09721483575406,0.8449241663620747
467,-340.20000000000005,26500.0,8,0.16,0.09672876157528969,0.7495446449773674
468,244.71082769339142,51500.0,17,0.34,0.09624511776741324,0.28547040918439553
469,-847.9999999999998,6000.0,2,0.04,0.09576389217857617,0.3161172
470,-138.7715097172471,36000.0,12,0.24,0.09528507271768329,0.2737712030872548
471,-459.25365186293016,37500.0,11,0.22,0.09480864735409487,1.0256053065503123
472,-557.5999999999999,27000.0,8,0.16,0.0943346041173244,0.23377944960300007
473,414.11875602030227,61500.0,20,0.4,0.09386293109673778,0.0636686828
474,-463.2027827121263,33000.0,11,0.22,0.09339361644125409,0.476511323813735
475,-252.5999999999998,31500.0,10,0.2,0.09292664835904782,0.48968009820680003
476,-322.0000000000009,21000.0,6,0.12,0.09246201511725258,0.58335531952
477,-676.4000000000002,20500.0,5,0.1,0.09199970504166631,0.5177739177698013
478,-731.4599413950865,12500.0,4,0.08,0.09153970651645797,0.19320000000000004
479,-666.3999999999999,9500.0,3,0.06,0.09108200798387568,0.3129212080392
480,-304.2402908643456,30000.0,10,0.2,0.0906265979439563,0.7977849916298454
481,-832.1608066057229,15000.0,5,0.1,0.09017346495423652,0.1180666152587952
482,-355.1999999999998,23500.0,7,0.14,0.08972259762946533,0.6468050520019604
483,-140.05538144635688,33000.0,11,0.22,0.089273984641318,0.6556365681934904
484,-380.88584723313267,25500.0,7,0.14,0.0888276147181114,1.0606511325817503
485,-346.79999999999995,30500.0,9,0.18,0.08838347664452084,0.9380588445244911
486,-512.4274301362337,17000.0,5,0.1,0.08794155926129824,0.2670764
487,-46.33922148032286,45000.0,13,0.26,0.08750185146499175,2.0082651368925264
488,-519.9010331803992,30000.0,9,0.18,0.08706434220766679,1.0526254135911568
489,-324.4,24000.0,8,0.16,0.08662902049662846,1.2254389749364534
490,-297.8563140017131,25000.0,8,0.16,0.08619587539414532,0.38792163944064084
491,-339.8852777006214,32000.0,10,0.2,0.08576489601717459,0.3193442543788892
492,-76.72929368522148,40000.0,13,0.26,0.08533607153708872,0.20403080000000004
493,-498.20000000000005,15000.0,5,0.1,0.08490939117940327,0.5703305642643601
494,-19.800000000000182,37000.0,11,0.22,0.08448484422350626,0.49733879370531214
495,-503.51033084086345,19000.0,6,0.12,0.08406242000238873,-0.3275426
496,-675.6929518287449,6000.0,2,0.04,0.08364210790237678,0.14555880000000002
497,-526.4815914224163,16500.0,5,0.1,0.0832238973628649,1.1688402125163855
498,-49.29950818011355,38000.0,12,0.24,0.08280777787605056,0.5247503455814648
499,-532.6000000000001,15000.0,5,0.1,0.08239373898667031,0.3417504404
500,108.1126314653776,39500.0,13,0.26,0.08198177029173696,0.29720472790826796
501,-580.0916949281,15000.0,5,0.1,0.08157186144027828,0.31102331726089477
502,-697.8055938266058,10000.0,3,0.06,0.0811640021330769,0.10719999999999998
503,-147.35103052960545,30000.0,10,0.2,0.08075818212241151,1.1502410742289029
504,-740.1999999999999,9000.0,3,0.06,0.08035439121179945,0.0084
505,-400.86807083258026,32500.0,9,0.18,0.07995261925574046,1.1847503088777827
506,-687.1330523852536,9000.0,3,0.06,0.07955285615946175,0.16242713420110072
507,298.79999999999995,64500.0,19,0.38,0.07915509187866444,2.166298550784904
508,-736.578083787419,28000.0,9,0.18,0.07875931641927113,1.7337071010481246
509,-539.4690242918467,18500.0,6,0.12,0.07836551983717477,0.1187988
510,-401.9114306356019,17000.0,5,0.1,0.07797369223798889,0.3756441479396399
511,-1213.0317713378204,21000.0,7,0.14,0.07758382377679894,0.391738155281261
512,-276.6974851966018,26500.0,8,0.16,0.07719590465791494,1.0265830648917318
513,-587.2000000000002,20000.0,6,0.12,0.07680992513462537,0.6716336993579999
514,-930.0,0.0,0,0.0,0.07642587550895225,0.284167037714521
515,-83.60000000000025,35000.0,10,0.2,0.07604374613140748,2.4995903285447802
516,-89.18050557285517,37500.0,12,0.24,0.07566352740075044,1.4989370890172256
517,-1089.9231865193744,3500.0,1,0.02,0.07528520976374668,0.14407879999999998
518,-401.32289227383353,20000.0,6,0.12,0.07490878371492794,0.3993672182445288
519,-836.6827901222276,19000.0,6,0.12,0.0745342397963533,0.7759348281694909
520,-707.9477917173028,12000.0,4,0.08,0.07416156859737154,0.3157082016
521,-384.80129373189925,27000.0,9,0.18,0.07379076075438468,0.0662288457184
522,34.399999999999636,42000.0,12,0.24,0.07342180695061275,0.77416214068252
523,-277.19243577240076,24500.0,8,0.16,0.07305469791585968,1.28233737862017
524,-629.8000000000001,9000.0,3,0.06,0.07268942442628039,0.0935952
525,-775.3702915760175,9000.0,3,0.06,0.07232597730414898,0.2231528
526,-269.25772703075893,24000.0,8,0.16,0.07196434741762824,1.1144068724644463
527,-301.80000000000007,25500.0,8,0.16,0.0716045256805401,0.688531622188799
528,-648.0476860087474,9000.0,3,0.06,0.0712465030521374,0.1730008
529,-583.6224149451036,21000.0,7,0.14,0.0708902705368767,0.695776139151533
530,-497.4000000000001,15000.0,5,0.1,0.07053581918419231,0.63280835983741
531,-402.40000000000026,18500.0,5,0.1,0.07018314008827135,0.7586126531639169
532,269.45040944197,39000.0,13,0.26,0.06983222438783,0.0012934234301148376
533,49.03671067517678,37500.0,12,0.24,0.06948306326589085,0.11684348080788041
534,-757.1999999999999,12000.0,4,0.08,0.0691356479495614,0.04783200000000001
535,-384.0264935860779,16500.0,5,0.1,0.06878996970981359,0.5886635241666726
536,-633.8,9000.0,3,0.06,0.06844601986126451,0.5806249335271454
537,-46.07645974023791,39500.0,13,0.26,0.06810378976195819,0.6786369704652929
538,107.20000000000027,42000.0,14,0.28,0.0677632708131484,0.7842436909339173
539,196.797235419794,46000.0,15,0.3,0.06742445445908266,0.8398036998444235
540,-223.17167255749928,32000.0,9,0.18,0.06708733218678724,0.6191247740064679
541,416.4,48000.0,16,0.32,0.0667518955258533,0.7106600912673909
542,232.6024772818481,49500.0,16,0.32,0.06641813604822402,1.2240527796269094
543,-148.91015257390086,32500.0,10,0.2,0.0660860453679829,1.1126155712354011
544,176.99999999999864,46500.0,14,0.28,0.06575561514114299,0.9433474805618447
545,-402.8000000000004,20000.0,6,0.12,0.06542683706543727,0.3940979972107895
546,421.5433188534887,46500.0,15,0.3,0.06509970288011008,0.866907271497289
547,-1025.938860251601,3000.0,1,0.02,0.06477420436570952,0.4358893536248404
548,-194.61978048885527,22500.0,7,0.14,0.06445033334388098,0.42629115602764245
549,-277.6000000000002,37500.0,11,0.22,0.06412808167716157,1.1779946163037243
550,-387.0000000000002,19500.0,6,0.12,0.06380744126877576,0.39825992435960006
551,350.80000000000007,46500.0,15,0.3,0.06348840406243188,0.9936266695862779
552,-809.4,3000.0,1,0.02,0.06317096204211972,0.2242405006718136
553,220.39999999999998,42000.0,14,0.28,0.06285510723190912,0.5007684563189818
554,-682.9410302481614,15000.0,5,0.1,0.06254083169574957,0.0467552004
555,-48.09802910870883,36000.0,12,0.24,0.062228127537270826,0.805983331509041
556,-705.0736044073527,13500.0,4,0.08,0.06191698689958447,0.712575635424519
557,260.7999999999994,48000.0,14,0.28,0.061607401965086545,1.7875668937172362
558,59.03971196383782,36000.0,12,0.24,0.06129936495526111,0.049237600400000005
559,-512.1999999999999,25500.0,8,0.16,0.0609928681304848,0.36982176173806136
560,-645.4,15000.0,5,0.1,0.060687903789832374,0.22730120040000001
561,-701.2,6000.0,2,0.04,0.06038446427088321,0.3770700028
562,-619.0497185270538,15000.0,5,0.1,0.06008254194952879,0.9930278887764823
563,-158.10807893350426,37000.0,12,0.24,0.05978212923978115,0.5678675181826793
564,119.2819934732803,42500.0,13,0.26,0.05948321859358224,1.167879508307788
565,228.3118319993847,45500.0,14,0.28,0.05918580250061433,1.2227191293225987
566,-730.0000000000001,6000.0,2,0.04,0.058889873488111255,0.19519025067980253
567,34.40000000000009,33500.0,11,0.22,0.058595424120670696,0.463111971919561
568,-986.5156443765034,3000.0,1,0.02,0.05830244700006734,-0.04
569,-1005.4979396719827,3000.0,1,0.02,0.058010934765067,0.16809080080000002
570,-870.3083195325116,11500.0,3,0.06,0.05772088009124167,0.5811578326478157
571,-505.47329440319163,21000.0,6,0.12,0.05743227569078546,0.6494117631862835
572,-599.0000000000001,9000.0,3,0.06,0.05714511431233153,0.5505845621202932
573,-854.3102854669166,3000.0,1,0.02,0.05685938874076987,0.042
574,-691.6,12000.0,4,0.08,0.056575091797066025,0.3807911211999999
575,-389.6704196483997,21000.0,7,0.14,0.056292216338080694,0.3072102914350412
576,-603.6000000000001,12000.0,4,0.08,0.05601075525639029,0.54514993210696
577,-428.60000000000014,19000.0,5,0.1,0.05573070148010834,0.4375242839708557
578,-882.1409751314773,0.0,0,0.0,0.0554520479727078,0.028423214012624723
579,-260.1999999999998,24500.0,8,0.16,0.05517478773284426,0.664765283809186
580,-373.8000000000001,22000.0,7,0.14,0.05489891379418004,0.5664781792025058
581,17.21526145036387,45500.0,12,0.24,0.05462441922520914,1.1236460806727933
582,-697.6,12000.0,4,0.08,0.0543512971290831,0.43941664680000003
583,-658.1999999999999,9000.0,3,0.06,0.05407954064343768,0.0
584,-489.4285243269542,24000.0,8,0.16,0.05380914294022049,0.2524902072
585,-841.0395069929225,6500.0,2,0.04,0.05354009722551939,0.11331150681332737
586,-1012.8932775786682,6500.0,2,0.04,0.05327239673939179,1.0734042540471764
587,-535.3571299813414,24000.0,8,0.16,0.053006034755694834,1.0098201296278106
588,-354.87858366926673,21000.0,7,0.14,0.052741004581916356,0.568896398520407
589,-403.5262569048707,24000.0,8,0.16,0.052477299559006776,0.6321230094836602
590,-700.8036682135388,18500.0,6,0.12,0.052214913061211746,0.9954814698109524
591,-485.3422767903595,12000.0,4,0.08,0.05195383849590569,0.6661904130919204
592,-298.60000000000014,21000.0,7,0.14,0.05169406930342616,0.9910324375339815
593,-38.38990971727242,41500.0,13,0.26,0.05143559895690903,1.3794999414202789
594,-356.80000000000103,19000.0,6,0.12,0.051178420962124486,0.7443276087481321
595,-1077.1252180210486,6000.0,2,0.04,0.05092252885731386,0.3039441365170006
596,-416.2000000000004,15000.0,5,0.1,0.05066791621302729,0.0816
597,-608.0000000000001,6000.0,2,0.04,0.05041457663196215,0.13474788932759413
598,101.39999999999986,39500.0,12,0.24,0.050162503748802344,1.9392292343773803
599,-163.75065307006838,27500.0,8,0.16,0.049911691230058335,1.5904573401803972
600,548.0994638626664,60000.0,19,0.38,0.04966213277390804,1.4291441860847471
601,-308.96375425702035,26500.0,8,0.16,0.0494138221100385,1.182595116343259
602,-931.6341150449996,3000.0,1,0.02,0.04916675299948831,0.8362314143211828
603,-293.40000000000055,31500.0,8,0.16,0.04892091923449087,0.6313910035237523
604,-210.00000000000057,26000.0,8,0.16,0.04867631463831842,0.6136742267931211
605,-434.60000000000014,18000.0,5,0.1,0.048432933065126825,0.6326533028930325
606,-465.2000000000003,12000.0,4,0.08,0.048190768399801194,0.391933894
607,-274.5356395939514,27500.0,9,0.18,0.04794981455780219,1.490295004251138
608,398.6780572457565,54500.0,17,0.34,0.04771006548501318,1.2288772939024852
609,-272.4188348789944,28500.0,9,0.18,0.047471515157588115,1.2686512788310307
610,-857.938976435019,3000.0,1,0.02,0.047234157581800176,0.0808
611,-317.6000000000009,19000.0,6,0.12,0.046997986793891174,0.4581789216
612,-324.75963351178933,25500.0,8,0.16,0.04676299685992172,1.0126323475067172
613,-706.4000000000002,8000.0,2,0.04,0.04652918187562211,0.568437433553105
614,109.57497971443081,40500.0,13,0.26,0.046296535966244,1.2238484005099584
615,-772.8344345410175,9000.0,3,0.06,0.046065053286412784,0.27026052148
616,-740.8,6000.0,2,0.04,0.04583472801998072,0.0944
617,165.93238548955026,40500.0,12,0.24,0.045605554379880814,2.6912580573255718
618,-762.8880088726338,3000.0,1,0.02,0.04537752660798141,0.25297891213119994
619,44.37414828506155,33000.0,11,0.22,0.0451506389749415,0.23329402031476043
620,-341.4813621985541,24500.0,8,0.16,0.044924885780066794,0.46914743470564885
621,-151.2000000000005,24000.0,8,0.16,0.04470026135116646,0.004800000000000001
622,114.59999999999877,39500.0,12,0.24,0.04447676004441063,1.0622533414316901
623,-365.8758186706664,27500.0,9,0.18,0.04425437624418858,1.1967917993858281
624,-748.8334258499423,6000.0,2,0.04,0.04403310436296763,0.2953312488236
625,-272.60000000000036,21000.0,7,0.14,0.043812938841152796,0.1374620836
626,-568.5906329491308,15000.0,5,0.1,0.04359387414694703,0.2389346930856157
627,147.51439956737727,41000.0,12,0.24,0.043375904776212296,2.5858383430837493
628,69.99999999999886,38000.0,12,0.24,0.043159025252331236,2.638359607835994
629,-553.6000000000001,9500.0,3,0.06,0.04294323012606958,0.6703280745428438
630,-455.2000000000005,18000.0,6,0.12,0.04272851397543923,0.19392408321580004
631,-739.8000000000001,3000.0,1,0.02,0.04251487140556204,0.17203764040000002
632,-264.99999999999966,30000.0,9,0.18,0.04230229704853423,1.0251928138350423
633,-354.0000000000004,18000.0,6,0.12,0.04209078556329156,0.16822104000000004
634,-529.0000000000001,16000.0,5,0.1,0.0418803316354751,0.9985814166666178
635,-571.3112877450611,9000.0,3,0.06,0.041670929977297724,0.0
636,-476.6,17000.0,5,0.1,0.04146257532741124,0.986240325086144
637,-496.04943107720624,12000.0,4,0.08,0.04125526245077418,0.17235399999999998
638,-518.5197785920668,18000.0,6,0.12,0.04104898613852031,0.9285560169456473
639,-456.429306780996,22000.0,7,0.14,0.04084374120782771,0.11378221278692001
640,-289.2000000000001,25000.0,8,0.16,0.04063952250178857,1.3266249295180728
641,-680.2863064239718,6000.0,2,0.04,0.04043632488927963,0.0444
642,-196.99446732490537,30000.0,8,0.16,0.04023414326483323,2.1199813376302874
643,-481.5531091995533,18000.0,6,0.12,0.040032972548509065,0.16975017889996072
644,-879.4000000000001,9000.0,3,0.06,0.03983280768576652,0.36786938663106
645,-535.260137916089,25000.0,8,0.16,0.03963364364733769,0.7197180718357692
646,161.00000000000057,42000.0,13,0.26,0.039435475429100995,0.4935154030973476
647,-311.6000000000007,18000.0,6,0.12,0.03923829805195549,1.1189282662592321
648,-161.7723946331621,31500.0,9,0.18,0.03904210656169572,2.7779411651313426
649,-722.0059789150781,14000.0,4,0.08,0.03884689602888724,0.22936163041199262
650,-761.6,6000.0,2,0.04,0.0386526615487428,0.31392302410388173
651,-209.28694638591378,33000.0,9,0.18,0.03845939824099909,1.5876260483965143
652,196.8276077475458,51500.0,16,0.32,0.03826710124979409,2.6115493332115056
653,-258.7402384610649,30000.0,9,0.18,0.038075765743545126,1.9300149661697226
654,107.388087541858,43000.0,14,0.28,0.0378853869148274,1.2838295158062834
655,-651.6,18000.0,6,0.12,0.03769595998025326,0.24572371137599996
656,-366.48160737819114,19000.0,6,0.12,0.03750748018035199,0.5424593115774412
657,-185.58165333426172,27500.0,9,0.18,0.037319942779450235,0.7956041980615675
658,-524.7588606645184,30000.0,9,0.18,0.037133343065552986,0.6047588025685146
659,186.3325898439865,42500.0,14,0.28,0.03694767635022522,1.7457305085292052
660,-832.1112941640594,6000.0,2,0.04,0.036762937968474095,0.07721185173705336
661,61.19999999999936,45500.0,13,0.26,0.03657912327863173,3.2920011013433843
662,-792.1173612849292,6000.0,2,0.04,0.036396227662238566,0.13712629837589105
663,-562.9648915202055,15000.0,5,0.1,0.03621424652392737,0.23381248559184578
664,-478.6730626755596,30000.0,10,0.2,0.036033175291307735,1.9058945589116365
665,-712.6,3000.0,1,0.02,0.03585300941485119,0.0
666,-198.8,29500.0,9,0.18,0.035673744367776934,1.495407434187053
667,289.80000000000007,45500.0,14,0.28,0.03549537564593805,3.0881955141807635
668,-253.32048236985594,28000.0,9,0.18,0.035317898767708356,0.8704684866106289
669,-401.8000000000003,21500.0,6,0.12,0.03514130927386981,0.7514216696890115
670,401.9999999999991,51000.0,16,0.32,0.03496560272750046,1.5128346920852003
671,-458.96571604758776,16000.0,5,0.1,0.03479077471386296,0.40482201827880004
672,-427.00000000000006,15000.0,5,0.1,0.03461682084029365,0.2411824
673,-322.1955391409785,21500.0,7,0.14,0.034443736736092176,0.3100390724411166
674,-601.3601223600826,14500.0,4,0.08,0.034271518052411715,0.36122280783745636
675,-691.0243651254451,6000.0,2,0.04,0.034100160462149656,0.5377476157820965
676,-513.0000000000007,9000.0,3,0.06,0.03392965965983891,0.045519240400000015
677,-450.4217659381675,12000.0,4,0.08,0.033760011361539714,0.1411316004
678,-151.44863366385806,30000.0,10,0.2,0.03359121130473201,1.1963581612546026
679,128.35918538403018,43000.0,12,0.24,0.033423255248208356,3.218958596735716
680,466.5905742308711,60500.0,19,0.38,0.03325613897196732,1.4141556892517222
681,-161.20000000000073,27000.0,8,0.16,0.03308985827710748,0.7681636091960411
682,-346.46363674984525,21500.0,7,0.14,0.032924408985721944,0.8623186270084449
683,124.20000000000005,40000.0,11,0.22,0.03275978694079333,0.9861003731243099
684,-57.67853377453366,30000.0,10,0.2,0.032595988006089364,0.6524359710941805
685,-196.99999999999994,30500.0,8,0.16,0.032433008066058915,2.46839302659418
686,-452.6000000000005,13500.0,4,0.08,0.03227084302572862,0.2720347212781886
687,-1.0000000000002274,35000.0,11,0.22,0.032109488810599975,1.9472799778530876
688,-129.7960939140662,30000.0,10,0.2,0.031948941366546975,0.6056343626972939
689,-711.0000000000001,3000.0,1,0.02,0.03178919665971424,0.22143004519959997
690,-2.8000000000006366,34500.0,11,0.22,0.03163025067641567,0.38748664614455025
691,-409.80000000000007,18500.0,6,0.12,0.03147209942303359,0.5784133947500121
692,212.46055023626974,48500.0,13,0.26,0.03131473892591842,3.4748309963081128
693,-698.120767639567,15000.0,5,0.1,0.031158165231288826,0.9129916657175765
694,-151.40000000000055,24500.0,8,0.16,0.03100237440513238,0.3398264055992
695,-432.40000000000043,12000.0,4,0.08,0.030847362533106718,0.0044
696,-666.0748842940341,6000.0,2,0.04,0.030693125720441184,0.4356630579062539
697,10.400000000000205,30500.0,9,0.18,0.030539660091838977,0.5532569188959535
698,-269.27676482065897,21000.0,7,0.14,0.03038696179137978,0.6633841305667321
699,-258.1999999999999,29000.0,9,0.18,0.030235026982422884,1.293998700092943
700,-180.40000000000043,24000.0,8,0.16,0.030083851847510768,0.138879002
701,-163.80000000000103,23000.0,7,0.14,0.029933432588273214,0.6815819821279621
702,-121.43592529175368,36000.0,12,0.24,0.029783765425331846,1.8090219518961583
703,-40.12549976190439,33000.0,10,0.2,0.029634846598205186,0.5976446479445182
704,-111.80000000000013,28000.0,9,0.18,0.02948667236521416,0.35024232779280007
705,-323.6534840558805,20500.0,6,0.12,0.029339239003388088,1.4766167878328675
706,291.4014179605184,48000.0,14,0.28,0.029192542808371146,3.5872224952970093
707,-180.496196663903,25500.0,8,0.16,0.02904658009432929,1.0384861489311357
708,-257.8186118557053,28500.0,9,0.18,0.028901347193857643,3.4615817444299712
709,-650.0000000000001,6000.0,2,0.04,0.028756840457888354,0.377563684046496
710,173.456306088754,42000.0,14,0.28,0.02861305625559891,0.6335275256490618
711,-271.7999999999999,21000.0,7,0.14,0.028469990974320916,0.6019345683849204
712,-183.40677649919746,25500.0,8,0.16,0.02832764101944931,1.144542760691575
713,-656.1946986477328,9000.0,3,0.06,0.028186002814352063,0.5751021605225599
714,-365.530695810084,24000.0,8,0.16,0.0280450728002803,1.2188810957877463
715,-675.8000000000001,3000.0,1,0.02,0.0279048474362789,0.22274956591999998
716,-362.54649793590164,24500.0,8,0.16,0.027765323199097504,0.836879960542676
717,-573.3052514650132,9000.0,3,0.06,0.027626496583102015,0.28985024555960004
718,-721.501132655926,15000.0,5,0.1,0.027488364100186506,0.1757808970268732
719,-353.12606819920194,21000.0,7,0.14,0.027350922279685573,1.0234374045998538
720,-325.39999999999986,27000.0,9,0.18,0.027214167668287145,0.4576878733501456
721,-235.19999999999987,26000.0,8,0.16,0.02707809682994571,0.9963031331950336
722,-11.800000000000523,33000.0,11,0.22,0.02694270634579598,0.6029627266427096
723,-193.20000000000016,24500.0,7,0.14,0.026807992814067,1.0438860731508606
724,66.39999999999986,37000.0,12,0.24,0.026673952849996664,0.641395757300709
725,-282.22857665240264,25000.0,8,0.16,0.02654058308574668,0.5559501273677765
726,-124.85868393951569,39500.0,13,0.26,0.026407880170317945,1.081231000501993
727,-186.80000000000013,24000.0,8,0.16,0.026275840769466357,0.07600000000000003
728,-463.13338394727384,12000.0,4,0.08,0.026144461565619025,0.3648765930439999
729,-328.3422270326845,34000.0,11,0.22,0.02601373925779093,1.915739903469667
730,-554.9254925801587,9500.0,3,0.06,0.025883670561501974,0.16831765351049502
731,-419.00000000000034,15000.0,5,0.1,0.025754252208694463,0.29959448251919996
732,-139.79219301799355,33500.0,9,0.18,0.02562548094765099,2.686230510655977
733,85.60000000000025,37000.0,12,0.24,0.025497353542912736,0.2199886209477384
734,-599.8000000000001,9000.0,3,0.06,0.02536986677519817,0.7249129421077639
735,324.20000000000005,47000.0,15,0.3,0.02524301744132218,1.1329398961807675
736,-284.4000000000004,21500.0,7,0.14,0.025116802354115567,0.16897558429728002
737,-117.78535896712799,45500.0,15,0.3,0.024991218342344988,0.19700942280325903
738,-270.4000000000001,24000.0,8,0.16,0.024866262250633264,1.1042194922594262
739,-174.80000000000047,24000.0,8,0.16,0.024741930939380097,0.8428053811995602
740,-378.39999999999986,24000.0,8,0.16,0.024618221284683196,0.16901533042598665
741,-352.4000000000002,15500.0,5,0.1,0.02449513017825978,0.14800000000000002
742,268.18493677661905,52500.0,17,0.34,0.02437265452736848,1.1683007783704351
743,-123.4000000000002,28000.0,9,0.18,0.024250791254731636,1.5917832559710274
744,-613.8,9000.0,3,0.06,0.024129537298457977,0.24417080523960005
745,118.67508808643271,44000.0,13,0.26,0.024008889611965685,2.5210277327360924
746,398.27945798371843,51000.0,16,0.32,0.023888845163905856,1.577253404176261
747,-297.03202662471006,19500.0,6,0.12,0.023769400938086327,0.4040948975162745
748,-177.30043109851147,45000.0,15,0.3,0.023650553933395897,0.7083628206463422
749,-106.56065774075694,37000.0,10,0.2,0.023532301163728918,2.0519807144530544
750,140.39999999999873,36000.0,12,0.24,0.023414639657910272,0.15332671981068105
751,443.5674846969508,57000.0,16,0.32,0.023297566459620722,2.3324458303319897
752,-106.80000000000018,27000.0,8,0.16,0.023181078627322618,0.8883395912046
753,-595.2972761481716,11000.0,3,0.06,0.023065173234186005,0.5536897788924737
754,25.19999999999959,37500.0,11,0.22,0.022949847368015076,1.440144626592141
755,618.7503502921795,64000.0,20,0.4,0.022835098131175,1.089225558877803
756,311.16712729380487,53000.0,17,0.34,0.022720922640519125,4.202076968704922
757,-192.6960357402018,26000.0,8,0.16,0.02260731802731653,0.8875195141996416
758,-145.79999999999927,29000.0,9,0.18,0.022494281437179946,1.1283012392800469
759,-446.7496351497399,15000.0,5,0.1,0.022381810029994047,0.07880000000000001
760,-80.40000000000089,28000.0,8,0.16,0.022269900979844076,0.9740864312288262
761,-235.611458056059,30000.0,10,0.2,0.022158551474944856,1.1303797458573421
762,-72.40000000000009,28500.0,9,0.18,0.022047758717570132,0.6578086948395626
763,-315.8000000000001,21000.0,7,0.14,0.021937519923982282,0.8543506471955262
764,274.7493342615369,46500.0,15,0.3,0.021827832324362372,1.0721485377508062
765,135.3510727240349,37500.0,12,0.24,0.02171869316274056,4.255767161282675
766,-625.0,9000.0,3,0.06,0.021610099696926857,0.20439836040000003
767,-586.0000000000001,6000.0,2,0.04,0.021502049198442223,0.3778245440129531
768,-726.2831558913664,9000.0,3,0.06,0.021394538952450012,0.6253379782190921
769,-40.742762223764885,43500.0,14,0.28,0.02128756625768776,1.844160850260409
770,-559.4000000000001,9000.0,3,0.06,0.021181128426399323,0.738762135390983
771,156.39999999999907,39000.0,12,0.24,0.021075222784267326,1.7400449378419114
772,-273.9111694025984,28000.0,9,0.18,0.020969846670345987,1.1515957518264455
773,-544.9157339081747,9000.0,3,0.06,0.020864997436994256,0.7613191733899761
774,-421.4000000000003,15000.0,5,0.1,0.020760672449809284,1.0536921790448752
775,-133.82059872218065,39000.0,13,0.26,0.020656869087560238,0.2245924989651997
776,279.5999999999989,44000.0,14,0.28,0.020553584742122436,3.7110048796303143
777,324.81427042842597,48000.0,14,0.28,0.020450816818411825,0.8949660236755125
778,71.84286971650943,43000.0,13,0.26,0.020348562734319765,1.3834085098187967
779,-458.40000000000026,12000.0,4,0.08,0.020246819920648168,0.5659511587562807
780,-179.91959824137984,31000.0,10,0.2,0.020145585821044927,2.382593282790599
781,-388.9307233027866,21000.0,6,0.12,0.020044857891939702,1.1054016010012533
782,71.70867771403402,40000.0,12,0.24,0.019944633602480003,5.092699587157779
783,559.0072726403498,59500.0,18,0.36,0.019844910434467605,3.4793174944787864
784,-7.199999999999932,30000.0,10,0.2,0.019745685882295267,0.23936407489422
785,-374.4000000000006,18000.0,6,0.12,0.01964695745288379,0.7766449725089112
786,-11.200000000000273,33000.0,10,0.2,0.01954872266561937,1.8137712730794049
787,-175.43424766169562,28500.0,9,0.18,0.019450979052291272,3.773972713984728
788,210.91740048122313,45000.0,15,0.3,0.019353724157029815,1.8726033334939283
789,-1073.6129596207047,18500.0,6,0.12,0.019256955536244666,0.6704075668060621
790,-517.2000000000002,12000.0,4,0.08,0.019160670758563442,0.1104
791,-385.23200908377885,17000.0,5,0.1,0.019064867404770626,0.7925467352036192
792,-538.2895282528287,14000.0,4,0.08,0.018969543067746772,1.108396388042169
793,-724.2,3000.0,1,0.02,0.018874695352408037,0.0
794,-677.451143726425,9500.0,3,0.06,0.018780321875645996,0.41352698451618997
795,-591.2217058838613,15000.0,5,0.1,0.018686420266267767,0.48358440952702236
796,-433.33221285251665,37000.0,12,0.24,0.018592988164936427,0.30301785573379614
797,93.59999999999923,38000.0,12,0.24,0.018500023224111744,1.7969938556439462
798,-603.6227759996799,9000.0,3,0.06,0.018407523107991184,0.33745568247960006
799,-503.7383786334305,15000.0,5,0.1,0.01831548549245123,0.6523815607993656
800,-217.3999999999997,28000.0,9,0.18,0.018223908064988973,1.0397442700103614
801,-291.55940139653126,28000.0,9,0.18,0.018132788524664028,2.0604571898798882
802,-537.4216507514252,15000.0,5,0.1,0.018042124582040707,0.0032000000000000006
803,-405.0565946694431,15000.0,5,0.1,0.017951913959130504,1.1193612774264714
804,-366.8000000000005,18000.0,6,0.12,0.01786215438933485,0.0
805,-442.7526036253765,12000.0,4,0.08,0.017772843617388175,1.4277736746381842
806,-9.400000000000091,31500.0,10,0.2,0.017683979399301233,0.24668588403146047
807,-615.6000000000001,6000.0,2,0.04,0.017595559502304726,0.17999959999999998
808,-356.0000000000002,20000.0,6,0.12,0.0175075817047932,0.9322245167529627
809,213.55878044578787,41000.0,13,0.26,0.017420043796269234,1.7562350335581447
810,-72.75536879092999,34000.0,10,0.2,0.017332943577287888,3.96889251510281
811,-549.0,12500.0,4,0.08,0.01724627885940145,0.6914879460519688
812,-789.1769139353353,12000.0,4,0.08,0.017160047465104442,0.31508335323764475
813,43.39999999999975,35000.0,11,0.22,0.01707424722777892,0.6534760522458168
814,-455.8000000000002,15000.0,5,0.1,0.016988875991640028,1.3476454637312063
815,-607.7999999999998,9000.0,3,0.06,0.016903931611681827,0.0
816,15.799999999999272,33000.0,11,0.22,0.01681941195362342,0.6626335070449645
817,12.799999999999727,30000.0,10,0.2,0.016735314893855303,2.097334904042746
818,9.919718349467985,37000.0,12,0.24,0.016651638319386028,2.6569125246612253
819,-271.8848243584483,24000.0,8,0.16,0.0165683801277891,2.3066849393620883
820,-485.6000000000004,12000.0,4,0.08,0.016485538227150154,0.5161147059544003
821,-615.1724457665472,9000.0,3,0.06,0.0164031105360144,0.4687725665584
822,-277.92085076005975,25000.0,7,0.14,0.01632109498333433,1.4174898483995932
823,-20.873864100952915,33500.0,10,0.2,0.016239489508417658,3.70376279986245
824,164.4302756547213,40000.0,13,0.26,0.01615829206087557,2.5954074866505676
825,518.6184500666025,62000.0,19,0.38,0.01607750060057119,2.967011733011203
826,-265.06776277554474,21000.0,7,0.14,0.015997113097568336,1.271535153603824
827,43.59999999999923,42000.0,12,0.24,0.015917127532080494,1.6164830721652808
828,528.0052534647664,60000.0,19,0.38,0.01583754189442009,2.304843729082287
829,-234.10929343015374,27000.0,9,0.18,0.01575835418494799,0.3261498688106176
830,303.99999999999943,52500.0,15,0.3,0.01567956241402325,1.6839224771342602
831,-108.39380347073899,30000.0,10,0.2,0.015601164601953134,0.46744968881257976
832,291.8352909918625,50000.0,16,0.32,0.015523158778943369,0.9691634321984847
833,-31.800000000000182,31000.0,9,0.18,0.015445542985048652,1.1042696466245154
834,-23.857502646050193,36500.0,12,0.24,0.015368315270123408,1.5248385588257536
835,-602.4565605751335,15000.0,5,0.1,0.01529147369377279,0.8311219644549288
836,-283.0000000000003,21000.0,7,0.14,0.015215016325303928,0.6781138113386822
837,57.457648030606606,39500.0,13,0.26,0.015138941243677408,0.33945074123335817
838,-279.0000000000002,21000.0,7,0.14,0.01506324653745902,1.1199387543750863
839,170.79999999999893,36000.0,12,0.24,0.014987930304771725,0.38675193835726646
840,-278.5999999999999,27000.0,9,0.18,0.014912990653247866,0.2307776356343604
841,-747.9780848608515,6000.0,2,0.04,0.014838425699981627,0.35593912518117454
842,-588.4829776095581,9000.0,3,0.06,0.01476423357148172,0.3633160630816068
843,-291.882842810531,21000.0,7,0.14,0.014690412403624311,1.291421919461779
844,-120.20000000000039,27000.0,9,0.18,0.01461696034160619,0.9277321834005808
845,-88.60000000000048,29000.0,9,0.18,0.014543875539898159,0.8753187485311618
846,-10.400000000000318,36000.0,10,0.2,0.014471156162198668,1.0314415109028643
847,-809.4000000000001,3000.0,1,0.02,0.014398800381387675,0.48040536512676846
848,90.99999999999932,33000.0,11,0.22,0.014326806379480736,1.9792438436003135
849,452.1999999999993,52000.0,17,0.34,0.014255172347583332,2.255196247477248
850,-434.63932418466027,15500.0,5,0.1,0.014183896485845416,0.4342861780322058
851,-366.8000000000001,18000.0,6,0.12,0.014112977003416188,0.06280000000000001
852,131.3999999999993,38500.0,12,0.24,0.014042412118399107,1.3132562108313284
853,-115.79999999999973,27000.0,9,0.18,0.013972200057807112,0.615560795278936
854,-52.74140545090091,33000.0,11,0.22,0.013902339057518077,1.0874425373423213
855,-326.6000000000001,22000.0,7,0.14,0.013832827362230486,0.6368132003239553
856,-407.40000000000015,19500.0,6,0.12,0.013763663225419333,0.9422399147087436
857,-129.67136927884735,29500.0,9,0.18,0.013694844909292236,2.5318172674788872
858,884.7355563444141,68000.0,22,0.44,0.013626370684745774,1.3704551819070847
859,-216.79999999999995,24000.0,8,0.16,0.013558238831322046,1.0990071027204151
860,-682.6,3000.0,1,0.02,0.013490447637165436,0.3106112804
861,-174.60000000000042,25500.0,8,0.16,0.013422995398979608,0.6186334446968064
862,-294.82247055029495,21000.0,7,0.14,0.01335588042198471,1.465658435109203
863,-183.9397844940491,30000.0,10,0.2,0.013289101019874787,1.0921172903932144
864,-489.95815553927406,27000.0,9,0.18,0.013222655514775413,0.9481081590797424
865,-443.4053795677272,25500.0,8,0.16,0.013156542237201536,1.7995024593171363
866,-725.1900375534934,6000.0,2,0.04,0.013090759526015528,0.31725972850174144
867,-211.79999999999973,28000.0,9,0.18,0.01302530572838545,1.61313528892627
868,-304.49885750122945,22000.0,6,0.12,0.012960179199743523,0.988136793714778
869,-286.8000000000005,23500.0,7,0.14,0.012895378303744804,0.393465830574046
870,-31.507419711751822,31500.0,10,0.2,0.01283090141222608,1.014782251454061
871,-64.20000000000005,34500.0,10,0.2,0.012766746905164949,1.063084178527605
872,-531.2000000000003,12000.0,4,0.08,0.012702913170639124,0.6763518921799565
873,186.15970521866757,39000.0,13,0.26,0.012639398604785928,2.8593112710221504
874,-344.74645655986166,18500.0,6,0.12,0.012576201611761997,1.5575119527311807
875,-656.0586263826995,6000.0,2,0.04,0.012513320603703188,0.09019479079861212
876,-446.2270321362923,30500.0,10,0.2,0.012450754000684672,0.3201147686627824
877,-107.40000000000003,30000.0,9,0.18,0.012388500230681249,0.6287359794383094
878,-314.80000000000075,18000.0,6,0.12,0.012326557729527843,0.5769854129643981
879,-200.37117730175714,24000.0,7,0.14,0.012264924940880204,3.2258630995028024
880,-534.2000000000003,9000.0,3,0.06,0.012203600316175803,0.7805639280204413
881,316.59999999999945,46000.0,15,0.3,0.012142582314594924,1.8478498786224575
882,-443.4480609442804,12500.0,4,0.08,0.01208186940302195,0.9124452197083928
883,-116.7999999999999,29000.0,8,0.16,0.01202146005600684,1.8529947362137216
884,372.69652952672857,51000.0,16,0.32,0.011961352755726806,2.1169070577525266
885,-554.1355208337486,12000.0,4,0.08,0.01190154599194817,0.6480076980683591
886,-452.5394010541745,14500.0,4,0.08,0.01184203826198843,1.610273140691372
887,-236.59999999999985,29000.0,9,0.18,0.011782828070678488,1.079732012429502
888,-176.00000000000108,24500.0,7,0.14,0.011723913930325095,2.13888530322324
889,638.2635482755171,61000.0,19,0.38,0.01166529436067347,2.0467413491403565
890,175.34644378519477,44500.0,13,0.26,0.011606967888870102,4.842425678737952
891,-496.20000000000044,9000.0,3,0.06,0.01154893304942575,0.18963833365200006
892,225.99999999999966,41000.0,12,0.24,0.011491188384178622,0.8347166182841308
893,6.385504387718925,36500.0,11,0.22,0.011433732442257729,4.968788433045322
894,-377.4000000000003,15000.0,5,0.1,0.01137656378004644,0.2505956
895,-695.0787182235831,3000.0,1,0.02,0.011319680961146208,0.45886870776458794
896,-78.2000000000005,27000.0,9,0.18,0.011263082556340478,0.0
897,-905.6550502074381,9000.0,3,0.06,0.011206767143558775,0.5293706934336896
898,-365.80000000000024,15000.0,5,0.1,0.011150733307840981,1.1690970165060124
899,-38.087995535905065,32000.0,10,0.2,0.011094979641301777,1.2852432344076712
900,-524.2591395388166,16000.0,5,0.1,0.011039504743095268,0.3610222907668432
901,-494.223451593393,10000.0,3,0.06,0.01098430721937979,0.66874543385673
902,-1.400000000000091,38500.0,12,0.24,0.010929385683282892,0.5904085245703243
903,-376.4000000000002,16500.0,5,0.1,0.010874738754866477,1.0229134023996387
904,-610.3070526854335,12000.0,4,0.08,0.010820365061092144,1.1876486811873603
905,-462.20000000000005,15000.0,5,0.1,0.010766263235786683,0.5800895234421539
906,69.19999999999959,33500.0,11,0.22,0.01071243191960775,0.4141505071376311
907,-130.55111118697124,32500.0,10,0.2,0.010658869760009713,0.9686589339181542
908,-369.80000000000024,18500.0,6,0.12,0.010605575411209664,1.1022160750072054
909,-287.2000000000007,18000.0,6,0.12,0.010552547534153616,0.3037334743259019
910,-514.6000000000001,12500.0,4,0.08,0.010499784796482848,0.47839547572046165
911,73.19999999999982,41500.0,13,0.26,0.010447285872500434,2.2617801699922877
912,-334.6000000000006,16000.0,5,0.1,0.01039504944313793,0.1509572882384
913,196.80000000000007,42500.0,13,0.26,0.010343074195922241,1.5248165536416443
914,546.4000000000002,48000.0,16,0.32,0.01029135882494263,0.29756852523056876
915,-22.199999999999932,30000.0,9,0.18,0.010239902030817916,1.4663186795136351
916,-441.20000000000067,12000.0,4,0.08,0.010188702520663827,0.42065240439999996
917,105.17810732786978,46500.0,13,0.26,0.010137759008060509,4.8866349811930725
918,-625.6,12000.0,4,0.08,0.010087070213020206,0.7309718361621576
919,-851.4420811265242,10000.0,3,0.06,0.010036634861955105,0.5440035462374918
920,-178.71083162254553,26000.0,8,0.16,0.01,0.5095749432178495
921,-443.9401160689665,18000.0,6,0.12,0.01,0.8747175560902725
922,268.3999999999992,40500.0,13,0.26,0.01,1.373266625942982
923,-358.40000000000043,16500.0,5,0.1,0.01,1.4460398063561206
924,-179.20000000000033,26000.0,8,0.16,0.01,1.844844167779224
925,-230.2000000000006,24000.0,7,0.14,0.01,1.713405863786777
926,-66.23740625841509,39000.0,13,0.26,0.01,0.5089000468048114
927,-495.04825714959236,15000.0,5,0.1,0.01,0.10400000000000002
928,51.32772182201893,33500.0,11,0.22,0.01,1.1492284026513742
929,-226.19809336040117,28000.0,9,0.18,0.01,1.0105713758581114
930,-212.40000000000083,24000.0,8,0.16,0.01,1.5144924023050845
931,-229.60000000000042,21500.0,7,0.14,0.01,0.39652648240000005
932,-168.1333594319857,28500.0,7,0.14,0.01,2.1431521476847184
933,-105.00000000000045,27500.0,8,0.16,0.01,1.702929055048785
934,-355.6249028091647,18000.0,6,0.12,0.01,0.0
935,-554.2000000000002,9000.0,3,0.06,0.01,0.9188708134694203
936,-169.5459061273492,27500.0,8,0.16,0.01,0.8176877296657397
937,-40.590808307395946,30000.0,10,0.2,0.01,4.0607138909011455
938,-274.40000000000043,18000.0,6,0.12,0.01,1.120140942304577
939,-505.40594558894446,12000.0,4,0.08,0.01,0.0
940,704.5999999999982,57000.0,19,0.38,0.01,1.6231691388874692
941,-26.773819959848538,31000.0,10,0.2,0.01,1.2773273277548753
942,-675.9952528643084,6000.0,2,0.04,0.01,0.41440054882325256
943,-135.00000000000028,26500.0,8,0.16,0.01,1.9774509541421108
944,-530.9801477224734,15500.0,5,0.1,0.01,1.6087122278490134
945,-169.00000000000057,28500.0,8,0.16,0.01,2.725113320853933
946,173.2770005705337,39000.0,13,0.26,0.01,3.0186266486984255
947,-56.093594565040235,27000.0,9,0.18,0.01,0.14877826199769575
948,-709.9426998648911,3000.0,1,0.02,0.01,0.1239596
949,-298.9277054811406,20000.0,6,0.12,0.01,1.2612526682680687
950,-613.2000000000003,8000.0,2,0.04,0.01,0.4859104799792
951,-440.8000000000003,12000.0,4,0.08,0.01,0.9202596344569821
952,-453.60000000000036,12000.0,4,0.08,0.01,0.9690354267417335
953,-341.6000000000006,19000.0,6,0.12,0.01,1.0173402062214953
954,333.2463818508687,50000.0,16,0.32,0.01,0.7493811400976647
955,-7.453002210346767,32500.0,10,0.2,0.01,2.024888326183426
956,-202.00000000000028,25000.0,8,0.16,0.01,1.429001391084435
957,-332.40000000000043,18000.0,6,0.12,0.01,0.29740320000000003
958,-16.199999999999932,30000.0,9,0.18,0.01,2.2031965108363063
959,468.9109595088263,51500.0,16,0.32,0.01,4.335597888219781
960,-296.9228367917374,24000.0,8,0.16,0.01,1.0829320935559064
961,-572.8,6000.0,2,0.04,0.01,0.5802452001443601
962,-122.16569320538531,34500.0,10,0.2,0.01,1.3964547063441182
963,-510.50759073550455,12000.0,4,0.08,0.01,0.9380241556303182
964,-534.6000000000001,9000.0,3,0.06,0.01,0.9217635353115606
965,296.6000000000005,49500.0,14,0.28,0.01,2.2138465290850395
966,201.99999999999977,42500.0,13,0.26,0.01,1.2446592490909623
967,-693.9699046899739,9000.0,3,0.06,0.01,0.47703527527624845
968,127.40471961470553,36000.0,12,0.24,0.01,0.9940093809711592
969,-102.01510613018405,30000.0,10,0.2,0.01,0.5100403809090941
970,-510.6531442513358,9500.0,3,0.06,0.01,0.5432615406703332
971,-202.55354774423836,21500.0,7,0.14,0.01,0.2872083699787935
972,51.21893086832972,35000.0,11,0.22,0.01,1.2011736272255775
973,-251.40000000000123,21500.0,6,0.12,0.01,0.7764216275349257
974,-35.064323053577596,33500.0,11,0.22,0.01,3.2374076635644378
975,-194.01968955180348,21000.0,7,0.14,0.01,1.024976558804577
976,-527.8000000000002,11000.0,3,0.06,0.01,0.0655336
977,-650.5656293417621,15000.0,5,0.1,0.01,0.620585195146893
978,-750.0,0.0,0,0.0,0.01,0.08079920000000002
979,-3.889582490497901,36000.0,12,0.24,0.01,0.6072117365820163
980,-412.2064577333807,15000.0,5,0.1,0.01,1.507210030029935
981,-554.0000000000001,12000.0,4,0.08,0.01,1.4685329533357043
982,418.6775535447822,50500.0,16,0.32,0.01,4.048483381811391
983,-383.19205381114466,15000.0,5,0.1,0.01,0.6598958401830239
984,-159.3999999999993,27000.0,9,0.18,0.01,0.1028715487430244
985,-496.6156460308789,30000.0,10,0.2,0.01,2.7559654516579606
986,-359.80000000000035,15000.0,5,0.1,0.01,0.5973617500692943
987,-40.4593138318553,31000.0,10,0.2,0.01,2.9134684617719984
988,-166.84398864177564,25500.0,8,0.16,0.01,1.383599771177404
989,-1241.4002534932818,3000.0,1,0.02,0.01,0.7777945387281957
990,131.59999999999934,37000.0,12,0.24,0.01,1.575458353302335
991,-229.40000000000032,25500.0,8,0.16,0.01,2.0913514132094537
992,236.5875256327937,45000.0,15,0.3,0.01,2.7990446222016567
993,-20.600000000000023,29000.0,9,0.18,0.01,1.534785607750917
994,-496.40000000000026,12000.0,4,0.08,0.01,0.0
995,-303.9397676937892,24500.0,8,0.16,0.01,1.809656571281316
996,-24.040981006393736,31000.0,10,0.2,0.01,0.9006422869232492
997,-464.66890875279125,18500.0,6,0.12,0.01,1.1958387643467625
998,104.90022143217357,38000.0,12,0.24,0.01,4.922433014120595
999,-463.2000000000002,12000.0,4,0.08,0.01,0.5567191861608295
1000,-192.00000000000097,22500.0,7,0.14,0.01,2.0343975271335992
